date,close,account_value,action,turnover,trade_cost,selected_checkpoint,warm_start_from,agent_family
2021-04-17 00:31:58.281751+00:00,61443.715,100000.0,-1,0.0,0.0,./checkpoints/d3qn_crypto_runs\train_run\actor__000000241152_-0007.649.pt,,d3qn
2021-04-17 00:31:59.281751+00:00,61443.715,99996.00011999682,4,1.0,3.999880003175349,./checkpoints/d3qn_crypto_runs\train_run\actor__000000241152_-0007.649.pt,,d3qn
2021-04-17 00:32:00.281751+00:00,61443.715,99996.00011999682,4,0.0,0.0,./checkpoints/d3qn_crypto_runs\train_run\actor__000000241152_-0007.649.pt,,d3qn
2021-04-17 00:32:01.281751+00:00,61443.715,99996.00011999682,4,0.0,0.0,./checkpoints/d3qn_crypto_runs\train_run\actor__000000241152_-0007.649.pt,,d3qn
2021-04-17 00:32:02.281751+00:00,61443.715,99996.00011999682,4,0.0,0.0,./checkpoints/d3qn_crypto_runs\train_run\actor__000000241152_-0007.649.pt,,d3qn
2021-04-17 00:32:03.281751+00:00,61443.715,99996.00011999682,4,0.0,0.0,./checkpoints/d3qn_crypto_runs\train_run\actor__000000241152_-0007.649.pt,,d3qn
2021-04-17 00:32:04.281751+00:00,61443.715,99996.00011999682,4,0.0,0.0,./checkpoints/d3qn_crypto_runs\train_run\actor__000000241152_-0007.649.pt,,d3qn
2021-04-17 00:32:05.281751+00:00,61443.715,99996.00011999682,4,0.0,0.0,./checkpoints/d3qn_crypto_runs\train_run\actor__000000241152_-0007.649.pt,,d3qn
2021-04-17 00:32:06.281751+00:00,61443.715,99996.00011999682,4,0.0,0.0,./checkpoints/d3qn_crypto_runs\train_run\actor__000000241152_-0007.649.pt,,d3qn
2021-04-17 00:32:07.281751+00:00,61443.715,99996.00011999682,4,0.0,0.0,./checkpoints/d3qn_crypto_runs\train_run\actor__000000241152_-0007.649.pt,,d3qn
2021-04-17 00:32:08.281751+00:00,61443.715,99996.00011999682,4,0.0,0.0,./checkpoints/d3qn_crypto_runs\train_run\actor__000000241152_-0007.649.pt,,d3qn
2021-04-17 00:32:09.281751+00:00,61443.25,99995.2436143754,4,0.0,0.0,./checkpoints/d3qn_crypto_runs\train_run\actor__000000241152_-0007.649.pt,,d3qn
2021-04-17 00:32:10.281751+00:00,61443.24,99995.22454280511,4,0.0,0.0,./checkpoints/d3qn_crypto_runs\train_run\actor__000000241152_-0007.649.pt,,d3qn
2021-04-17 00:32:11.281751+00:00,61442.785,99994.48710875397,4,0.0,0.0,./checkpoints/d3qn_crypto_runs\train_run\actor__000000241152_-0007.649.pt,,d3qn
2021-04-17 00:32:12.281751+00:00,61442.785,99994.48710875397,4,0.0,0.0,./checkpoints/d3qn_crypto_runs\train_run\actor__000000241152_-0007.649.pt,,d3qn
2021-04-17 00:32:13.281751+00:00,61442.78,99994.48075156387,4,0.0,0.0,./checkpoints/d3qn_crypto_runs\train_run\actor__000000241152_-0007.649.pt,,d3qn
2021-04-17 00:32:14.281751+00:00,61439.61500000001,99989.32507039598,4,0.0,0.0,./checkpoints/d3qn_crypto_runs\train_run\actor__000000241152_-0007.649.pt,,d3qn
2021-04-17 00:32:15.281751+00:00,61435.25500000001,99982.2304462488,4,0.0,0.0,./checkpoints/d3qn_crypto_runs\train_run\actor__000000241152_-0007.649.pt,,d3qn
2021-04-17 00:32:16.281751+00:00,61411.22500000001,99943.12736996805,4,0.0,0.0,./checkpoints/d3qn_crypto_runs\train_run\actor__000000241152_-0007.649.pt,,d3qn
2021-04-17 00:32:17.281751+00:00,61411.22500000001,99943.12736996805,4,0.0,0.0,./checkpoints/d3qn_crypto_runs\train_run\actor__000000241152_-0007.649.pt,,d3qn
2021-04-17 00:32:18.281751+00:00,61411.22500000001,99943.12736996805,4,0.0,0.0,./checkpoints/d3qn_crypto_runs\train_run\actor__000000241152_-0007.649.pt,,d3qn
2021-04-17 00:32:19.281751+00:00,61404.655,99932.4345762265,4,0.0,0.0,./checkpoints/d3qn_crypto_runs\train_run\actor__000000241152_-0007.649.pt,,d3qn
2021-04-17 00:32:20.281751+00:00,61404.655,99932.4345762265,4,0.0,0.0,./checkpoints/d3qn_crypto_runs\train_run\actor__000000241152_-0007.649.pt,,d3qn
2021-04-17 00:32:21.281751+00:00,61404.655,99932.4345762265,4,0.0,0.0,./checkpoints/d3qn_crypto_runs\train_run\actor__000000241152_-0007.649.pt,,d3qn
2021-04-17 00:32:22.281751+00:00,61404.655,99932.4345762265,4,0.0,0.0,./checkpoints/d3qn_crypto_runs\train_run\actor__000000241152_-0007.649.pt,,d3qn
2021-04-17 00:32:23.281751+00:00,61404.655,99932.4345762265,4,0.0,0.0,./checkpoints/d3qn_crypto_runs\train_run\actor__000000241152_-0007.649.pt,,d3qn
2021-04-17 00:32:24.281751+00:00,61404.655,99932.4345762265,4,0.0,0.0,./checkpoints/d3qn_crypto_runs\train_run\actor__000000241152_-0007.649.pt,,d3qn
2021-04-17 00:32:25.281751+00:00,61404.655,99932.4345762265,4,0.0,0.0,./checkpoints/d3qn_crypto_runs\train_run\actor__000000241152_-0007.649.pt,,d3qn
2021-04-17 00:32:26.281751+00:00,61404.655,99932.4345762265,4,0.0,0.0,./checkpoints/d3qn_crypto_runs\train_run\actor__000000241152_-0007.649.pt,,d3qn
2021-04-17 00:32:27.281751+00:00,61408.125,99938.07976103178,4,0.0,0.0,./checkpoints/d3qn_crypto_runs\train_run\actor__000000241152_-0007.649.pt,,d3qn
2021-04-17 00:32:28.281751+00:00,61404.655,99932.4345762265,4,0.0,0.0,./checkpoints/d3qn_crypto_runs\train_run\actor__000000241152_-0007.649.pt,,d3qn
2021-04-17 00:32:29.281751+00:00,61400.00500000001,99924.86316282212,4,0.0,0.0,./checkpoints/d3qn_crypto_runs\train_run\actor__000000241152_-0007.649.pt,,d3qn
2021-04-17 00:32:30.281751+00:00,61377.435,99888.13131844718,4,0.0,0.0,./checkpoints/d3qn_crypto_runs\train_run\actor__000000241152_-0007.649.pt,,d3qn
2021-04-17 00:32:31.281751+00:00,61375.465,99884.92729463878,4,0.0,0.0,./checkpoints/d3qn_crypto_runs\train_run\actor__000000241152_-0007.649.pt,,d3qn
2021-04-17 00:32:32.281751+00:00,61375.465,99884.92729463878,4,0.0,0.0,./checkpoints/d3qn_crypto_runs\train_run\actor__000000241152_-0007.649.pt,,d3qn
2021-04-17 00:32:33.281751+00:00,61375.465,99884.92729463878,4,0.0,0.0,./checkpoints/d3qn_crypto_runs\train_run\actor__000000241152_-0007.649.pt,,d3qn
2021-04-17 00:32:34.281751+00:00,61375.465,99884.92729463878,4,0.0,0.0,./checkpoints/d3qn_crypto_runs\train_run\actor__000000241152_-0007.649.pt,,d3qn
2021-04-17 00:32:35.281751+00:00,61375.465,99884.92729463878,4,0.0,0.0,./checkpoints/d3qn_crypto_runs\train_run\actor__000000241152_-0007.649.pt,,d3qn
2021-04-17 00:32:36.281751+00:00,61375.465,99884.92729463878,4,0.0,0.0,./checkpoints/d3qn_crypto_runs\train_run\actor__000000241152_-0007.649.pt,,d3qn
2021-04-17 00:32:37.281751+00:00,61375.465,99884.92729463878,4,0.0,0.0,./checkpoints/d3qn_crypto_runs\train_run\actor__000000241152_-0007.649.pt,,d3qn
2021-04-17 00:32:38.281751+00:00,61375.465,99884.92729463878,4,0.0,0.0,./checkpoints/d3qn_crypto_runs\train_run\actor__000000241152_-0007.649.pt,,d3qn
2021-04-17 00:32:39.281751+00:00,61375.465,99884.92729463878,4,0.0,0.0,./checkpoints/d3qn_crypto_runs\train_run\actor__000000241152_-0007.649.pt,,d3qn
2021-04-17 00:32:40.281751+00:00,61375.465,99884.92729463878,4,0.0,0.0,./checkpoints/d3qn_crypto_runs\train_run\actor__000000241152_-0007.649.pt,,d3qn
2021-04-17 00:32:41.281751+00:00,61375.465,99884.92729463878,4,0.0,0.0,./checkpoints/d3qn_crypto_runs\train_run\actor__000000241152_-0007.649.pt,,d3qn
2021-04-17 00:32:42.281751+00:00,61375.465,99884.92729463878,4,0.0,0.0,./checkpoints/d3qn_crypto_runs\train_run\actor__000000241152_-0007.649.pt,,d3qn
2021-04-17 00:32:43.281751+00:00,61375.465,99884.92729463878,4,0.0,0.0,./checkpoints/d3qn_crypto_runs\train_run\actor__000000241152_-0007.649.pt,,d3qn
2021-04-17 00:32:44.281751+00:00,61369.31,99874.9083630474,4,0.0,0.0,./checkpoints/d3qn_crypto_runs\train_run\actor__000000241152_-0007.649.pt,,d3qn
2021-04-17 00:32:45.281751+00:00,61362.285,99863.47813525473,4,0.0,0.0,./checkpoints/d3qn_crypto_runs\train_run\actor__000000241152_-0007.649.pt,,d3qn
2021-04-17 00:32:46.281751+00:00,61362.285,99863.47813525473,4,0.0,0.0,./checkpoints/d3qn_crypto_runs\train_run\actor__000000241152_-0007.649.pt,,d3qn
2021-04-17 00:32:47.281751+00:00,61362.285,99863.47813525473,4,0.0,0.0,./checkpoints/d3qn_crypto_runs\train_run\actor__000000241152_-0007.649.pt,,d3qn
2021-04-17 00:32:48.281751+00:00,61360.00500000001,99859.76553623864,4,0.0,0.0,./checkpoints/d3qn_crypto_runs\train_run\actor__000000241152_-0007.649.pt,,d3qn
2021-04-17 00:32:49.281751+00:00,61360.00500000001,99859.76553623864,4,0.0,0.0,./checkpoints/d3qn_crypto_runs\train_run\actor__000000241152_-0007.649.pt,,d3qn
2021-04-17 00:32:50.281751+00:00,61357.265,99855.30914598131,4,0.0,0.0,./checkpoints/d3qn_crypto_runs\train_run\actor__000000241152_-0007.649.pt,,d3qn
2021-04-17 00:32:51.281751+00:00,61357.265,99855.30914598131,4,0.0,0.0,./checkpoints/d3qn_crypto_runs\train_run\actor__000000241152_-0007.649.pt,,d3qn
2021-04-17 00:32:52.281751+00:00,61344.22500000001,99834.08884544072,4,0.0,0.0,./checkpoints/d3qn_crypto_runs\train_run\actor__000000241152_-0007.649.pt,,d3qn
2021-04-17 00:32:53.281751+00:00,61344.155,99833.974416019,4,0.0,0.0,./checkpoints/d3qn_crypto_runs\train_run\actor__000000241152_-0007.649.pt,,d3qn
2021-04-17 00:32:54.281751+00:00,61344.155,99833.974416019,4,0.0,0.0,./checkpoints/d3qn_crypto_runs\train_run\actor__000000241152_-0007.649.pt,,d3qn
2021-04-17 00:32:55.281751+00:00,61344.155,99833.974416019,4,0.0,0.0,./checkpoints/d3qn_crypto_runs\train_run\actor__000000241152_-0007.649.pt,,d3qn
2021-04-17 00:32:56.281751+00:00,61344.155,99833.974416019,4,0.0,0.0,./checkpoints/d3qn_crypto_runs\train_run\actor__000000241152_-0007.649.pt,,d3qn
2021-04-17 00:32:57.281751+00:00,61344.155,99833.974416019,4,0.0,0.0,./checkpoints/d3qn_crypto_runs\train_run\actor__000000241152_-0007.649.pt,,d3qn
2021-04-17 00:32:58.281751+00:00,61343.675,99833.19248163718,4,0.0,0.0,./checkpoints/d3qn_crypto_runs\train_run\actor__000000241152_-0007.649.pt,,d3qn
2021-04-17 00:32:59.281751+00:00,61343.215,99832.44233320585,4,0.0,0.0,./checkpoints/d3qn_crypto_runs\train_run\actor__000000241152_-0007.649.pt,,d3qn
2021-04-17 00:33:00.281751+00:00,61343.215,99832.44233320585,4,0.0,0.0,./checkpoints/d3qn_crypto_runs\train_run\actor__000000241152_-0007.649.pt,,d3qn
2021-04-17 00:33:01.281751+00:00,61343.215,99832.44233320585,4,0.0,0.0,./checkpoints/d3qn_crypto_runs\train_run\actor__000000241152_-0007.649.pt,,d3qn
2021-04-17 00:33:02.281751+00:00,61343.215,99832.44233320585,4,0.0,0.0,./checkpoints/d3qn_crypto_runs\train_run\actor__000000241152_-0007.649.pt,,d3qn
2021-04-17 00:33:03.281751+00:00,61343.215,99832.44233320585,4,0.0,0.0,./checkpoints/d3qn_crypto_runs\train_run\actor__000000241152_-0007.649.pt,,d3qn
2021-04-17 00:33:04.281751+00:00,61343.215,99832.44233320585,4,0.0,0.0,./checkpoints/d3qn_crypto_runs\train_run\actor__000000241152_-0007.649.pt,,d3qn
2021-04-17 00:33:05.281751+00:00,61343.215,99832.44233320585,4,0.0,0.0,./checkpoints/d3qn_crypto_runs\train_run\actor__000000241152_-0007.649.pt,,d3qn
2021-04-17 00:33:06.281751+00:00,61343.215,99832.44233320585,4,0.0,0.0,./checkpoints/d3qn_crypto_runs\train_run\actor__000000241152_-0007.649.pt,,d3qn
2021-04-17 00:33:07.281751+00:00,61343.215,99832.44233320585,4,0.0,0.0,./checkpoints/d3qn_crypto_runs\train_run\actor__000000241152_-0007.649.pt,,d3qn
2021-04-17 00:33:08.281751+00:00,61343.215,99832.44233320585,4,0.0,0.0,./checkpoints/d3qn_crypto_runs\train_run\actor__000000241152_-0007.649.pt,,d3qn
2021-04-17 00:33:09.281751+00:00,61343.215,99832.44233320585,4,0.0,0.0,./checkpoints/d3qn_crypto_runs\train_run\actor__000000241152_-0007.649.pt,,d3qn
2021-04-17 00:33:10.281751+00:00,61343.215,99832.44233320585,4,0.0,0.0,./checkpoints/d3qn_crypto_runs\train_run\actor__000000241152_-0007.649.pt,,d3qn
2021-04-17 00:33:11.281751+00:00,61343.215,99832.44233320585,4,0.0,0.0,./checkpoints/d3qn_crypto_runs\train_run\actor__000000241152_-0007.649.pt,,d3qn
2021-04-17 00:33:12.281751+00:00,61343.215,99832.44233320585,4,0.0,0.0,./checkpoints/d3qn_crypto_runs\train_run\actor__000000241152_-0007.649.pt,,d3qn
2021-04-17 00:33:13.281751+00:00,61343.215,99832.44233320585,4,0.0,0.0,./checkpoints/d3qn_crypto_runs\train_run\actor__000000241152_-0007.649.pt,,d3qn
2021-04-17 00:33:14.281751+00:00,61337.985,99823.93005566725,4,0.0,0.0,./checkpoints/d3qn_crypto_runs\train_run\actor__000000241152_-0007.649.pt,,d3qn
2021-04-17 00:33:15.281751+00:00,61337.985,99823.93005566725,4,0.0,0.0,./checkpoints/d3qn_crypto_runs\train_run\actor__000000241152_-0007.649.pt,,d3qn
2021-04-17 00:33:16.281751+00:00,61337.985,99823.93005566725,4,0.0,0.0,./checkpoints/d3qn_crypto_runs\train_run\actor__000000241152_-0007.649.pt,,d3qn
2021-04-17 00:33:17.281751+00:00,61337.045,99822.4043300442,4,0.0,0.0,./checkpoints/d3qn_crypto_runs\train_run\actor__000000241152_-0007.649.pt,,d3qn
2021-04-17 00:33:18.281751+00:00,61337.045,99822.4043300442,4,0.0,0.0,./checkpoints/d3qn_crypto_runs\train_run\actor__000000241152_-0007.649.pt,,d3qn
2021-04-17 00:33:19.281751+00:00,61337.045,99822.4043300442,4,0.0,0.0,./checkpoints/d3qn_crypto_runs\train_run\actor__000000241152_-0007.649.pt,,d3qn
2021-04-17 00:33:20.281751+00:00,61332.875,99815.61485102163,4,0.0,0.0,./checkpoints/d3qn_crypto_runs\train_run\actor__000000241152_-0007.649.pt,,d3qn
2021-04-17 00:33:21.281751+00:00,61317.445,99790.50395014226,4,0.0,0.0,./checkpoints/d3qn_crypto_runs\train_run\actor__000000241152_-0007.649.pt,,d3qn
2021-04-17 00:33:22.281751+00:00,61318.845,99792.77982419664,4,0.0,0.0,./checkpoints/d3qn_crypto_runs\train_run\actor__000000241152_-0007.649.pt,,d3qn
2021-04-17 00:33:23.281751+00:00,61318.845,99792.77982419664,4,0.0,0.0,./checkpoints/d3qn_crypto_runs\train_run\actor__000000241152_-0007.649.pt,,d3qn
2021-04-17 00:33:24.281751+00:00,61318.46,99792.15681956723,4,0.0,0.0,./checkpoints/d3qn_crypto_runs\train_run\actor__000000241152_-0007.649.pt,,d3qn
2021-04-17 00:33:25.281751+00:00,61318.845,99792.77982419664,4,0.0,0.0,./checkpoints/d3qn_crypto_runs\train_run\actor__000000241152_-0007.649.pt,,d3qn
2021-04-17 00:33:26.281751+00:00,61316.87,99789.56944319814,4,0.0,0.0,./checkpoints/d3qn_crypto_runs\train_run\actor__000000241152_-0007.649.pt,,d3qn
2021-04-17 00:33:27.281751+00:00,61316.645,99789.20072617257,4,0.0,0.0,./checkpoints/d3qn_crypto_runs\train_run\actor__000000241152_-0007.649.pt,,d3qn
2021-04-17 00:33:28.281751+00:00,61316.645,99789.20072617257,4,0.0,0.0,./checkpoints/d3qn_crypto_runs\train_run\actor__000000241152_-0007.649.pt,,d3qn
2021-04-17 00:33:29.281751+00:00,61316.645,99789.20072617257,4,0.0,0.0,./checkpoints/d3qn_crypto_runs\train_run\actor__000000241152_-0007.649.pt,,d3qn
2021-04-17 00:33:30.281751+00:00,61316.645,99789.20072617257,4,0.0,0.0,./checkpoints/d3qn_crypto_runs\train_run\actor__000000241152_-0007.649.pt,,d3qn
2021-04-17 00:33:31.281751+00:00,61316.645,99789.20072617257,4,0.0,0.0,./checkpoints/d3qn_crypto_runs\train_run\actor__000000241152_-0007.649.pt,,d3qn
2021-04-17 00:33:32.281751+00:00,61313.825,99784.61083492322,4,0.0,0.0,./checkpoints/d3qn_crypto_runs\train_run\actor__000000241152_-0007.649.pt,,d3qn
2021-04-17 00:33:33.281751+00:00,61313.825,99784.61083492322,4,0.0,0.0,./checkpoints/d3qn_crypto_runs\train_run\actor__000000241152_-0007.649.pt,,d3qn
2021-04-17 00:33:34.281751+00:00,61313.825,99784.61083492322,4,0.0,0.0,./checkpoints/d3qn_crypto_runs\train_run\actor__000000241152_-0007.649.pt,,d3qn
2021-04-17 00:33:35.281751+00:00,61313.825,99784.61083492322,4,0.0,0.0,./checkpoints/d3qn_crypto_runs\train_run\actor__000000241152_-0007.649.pt,,d3qn
2021-04-17 00:33:36.281751+00:00,61313.825,99784.61083492322,4,0.0,0.0,./checkpoints/d3qn_crypto_runs\train_run\actor__000000241152_-0007.649.pt,,d3qn
2021-04-17 00:33:37.281751+00:00,61313.825,99784.61083492322,4,0.0,0.0,./checkpoints/d3qn_crypto_runs\train_run\actor__000000241152_-0007.649.pt,,d3qn
2021-04-17 00:33:38.281751+00:00,61313.825,99784.61083492322,4,0.0,0.0,./checkpoints/d3qn_crypto_runs\train_run\actor__000000241152_-0007.649.pt,,d3qn
2021-04-17 00:33:39.281751+00:00,61313.825,99784.61083492322,4,0.0,0.0,./checkpoints/d3qn_crypto_runs\train_run\actor__000000241152_-0007.649.pt,,d3qn
2021-04-17 00:33:40.281751+00:00,61313.825,99784.61083492322,4,0.0,0.0,./checkpoints/d3qn_crypto_runs\train_run\actor__000000241152_-0007.649.pt,,d3qn
2021-04-17 00:33:41.281751+00:00,61313.825,99784.61083492322,4,0.0,0.0,./checkpoints/d3qn_crypto_runs\train_run\actor__000000241152_-0007.649.pt,,d3qn
2021-04-17 00:33:42.281751+00:00,61313.825,99784.61083492322,4,0.0,0.0,./checkpoints/d3qn_crypto_runs\train_run\actor__000000241152_-0007.649.pt,,d3qn
2021-04-17 00:33:43.281751+00:00,61313.825,99784.61083492322,4,0.0,0.0,./checkpoints/d3qn_crypto_runs\train_run\actor__000000241152_-0007.649.pt,,d3qn
2021-04-17 00:33:44.281751+00:00,61313.825,99784.61083492322,4,0.0,0.0,./checkpoints/d3qn_crypto_runs\train_run\actor__000000241152_-0007.649.pt,,d3qn
2021-04-17 00:33:45.281751+00:00,61313.825,99784.61083492322,4,0.0,0.0,./checkpoints/d3qn_crypto_runs\train_run\actor__000000241152_-0007.649.pt,,d3qn
2021-04-17 00:33:46.281751+00:00,61313.825,99784.61083492322,4,0.0,0.0,./checkpoints/d3qn_crypto_runs\train_run\actor__000000241152_-0007.649.pt,,d3qn
2021-04-17 00:33:47.281751+00:00,61313.825,99784.61083492322,4,0.0,0.0,./checkpoints/d3qn_crypto_runs\train_run\actor__000000241152_-0007.649.pt,,d3qn
2021-04-17 00:33:48.281751+00:00,61313.825,99784.61083492322,4,0.0,0.0,./checkpoints/d3qn_crypto_runs\train_run\actor__000000241152_-0007.649.pt,,d3qn
2021-04-17 00:33:49.281751+00:00,61313.825,99784.61083492322,4,0.0,0.0,./checkpoints/d3qn_crypto_runs\train_run\actor__000000241152_-0007.649.pt,,d3qn
2021-04-17 00:33:50.281751+00:00,61313.825,99784.61083492322,4,0.0,0.0,./checkpoints/d3qn_crypto_runs\train_run\actor__000000241152_-0007.649.pt,,d3qn
2021-04-17 00:33:51.281751+00:00,61313.825,99784.61083492322,4,0.0,0.0,./checkpoints/d3qn_crypto_runs\train_run\actor__000000241152_-0007.649.pt,,d3qn
2021-04-17 00:33:52.281751+00:00,61313.825,99784.61083492322,4,0.0,0.0,./checkpoints/d3qn_crypto_runs\train_run\actor__000000241152_-0007.649.pt,,d3qn
2021-04-17 00:33:53.281751+00:00,61313.825,99784.61083492322,4,0.0,0.0,./checkpoints/d3qn_crypto_runs\train_run\actor__000000241152_-0007.649.pt,,d3qn
2021-04-17 00:33:54.281751+00:00,61313.825,99784.61083492322,4,0.0,0.0,./checkpoints/d3qn_crypto_runs\train_run\actor__000000241152_-0007.649.pt,,d3qn
2021-04-17 00:33:55.281751+00:00,61313.825,99784.61083492322,4,0.0,0.0,./checkpoints/d3qn_crypto_runs\train_run\actor__000000241152_-0007.649.pt,,d3qn
2021-04-17 00:33:56.281751+00:00,61313.00500000001,99783.27582500306,4,0.0,0.0,./checkpoints/d3qn_crypto_runs\train_run\actor__000000241152_-0007.649.pt,,d3qn
2021-04-17 00:33:57.281751+00:00,61300.00500000001,99762.11909636343,4,0.0,0.0,./checkpoints/d3qn_crypto_runs\train_run\actor__000000241152_-0007.649.pt,,d3qn
2021-04-17 00:33:58.281751+00:00,61300.00500000001,99762.11909636343,4,0.0,0.0,./checkpoints/d3qn_crypto_runs\train_run\actor__000000241152_-0007.649.pt,,d3qn
2021-04-17 00:33:59.281751+00:00,61290.935,99747.35770096042,4,0.0,0.0,./checkpoints/d3qn_crypto_runs\train_run\actor__000000241152_-0007.649.pt,,d3qn
2021-04-17 00:34:00.281751+00:00,61290.935,99747.35770096042,4,0.0,0.0,./checkpoints/d3qn_crypto_runs\train_run\actor__000000241152_-0007.649.pt,,d3qn
2021-04-17 00:34:01.281751+00:00,61290.935,99747.35770096042,4,0.0,0.0,./checkpoints/d3qn_crypto_runs\train_run\actor__000000241152_-0007.649.pt,,d3qn
2021-04-17 00:34:02.281751+00:00,61309.065,99776.86777738624,4,0.0,0.0,./checkpoints/d3qn_crypto_runs\train_run\actor__000000241152_-0007.649.pt,,d3qn
2021-04-17 00:34:03.281751+00:00,61313.815,99784.59812054303,4,0.0,0.0,./checkpoints/d3qn_crypto_runs\train_run\actor__000000241152_-0007.649.pt,,d3qn
2021-04-17 00:34:04.281751+00:00,61325.4,99803.4471891778,4,0.0,0.0,./checkpoints/d3qn_crypto_runs\train_run\actor__000000241152_-0007.649.pt,,d3qn
2021-04-17 00:34:05.281751+00:00,61314.805,99786.20648963733,4,0.0,0.0,./checkpoints/d3qn_crypto_runs\train_run\actor__000000241152_-0007.649.pt,,d3qn
2021-04-17 00:34:06.281751+00:00,61314.31,99785.39912649513,4,0.0,0.0,./checkpoints/d3qn_crypto_runs\train_run\actor__000000241152_-0007.649.pt,,d3qn
2021-04-17 00:34:07.281751+00:00,61313.815,99784.59812054303,4,0.0,0.0,./checkpoints/d3qn_crypto_runs\train_run\actor__000000241152_-0007.649.pt,,d3qn
2021-04-17 00:34:08.281751+00:00,61313.815,99784.59812054303,4,0.0,0.0,./checkpoints/d3qn_crypto_runs\train_run\actor__000000241152_-0007.649.pt,,d3qn
2021-04-17 00:34:09.281751+00:00,61305.61500000001,99771.24802134135,4,0.0,0.0,./checkpoints/d3qn_crypto_runs\train_run\actor__000000241152_-0007.649.pt,,d3qn
2021-04-17 00:34:10.281751+00:00,61305.61500000001,99771.24802134135,4,0.0,0.0,./checkpoints/d3qn_crypto_runs\train_run\actor__000000241152_-0007.649.pt,,d3qn
2021-04-17 00:34:11.281751+00:00,61305.61500000001,99771.24802134135,4,0.0,0.0,./checkpoints/d3qn_crypto_runs\train_run\actor__000000241152_-0007.649.pt,,d3qn
2021-04-17 00:34:12.281751+00:00,61305.61500000001,99771.24802134135,4,0.0,0.0,./checkpoints/d3qn_crypto_runs\train_run\actor__000000241152_-0007.649.pt,,d3qn
2021-04-17 00:34:13.281751+00:00,61305.61500000001,99771.24802134135,4,0.0,0.0,./checkpoints/d3qn_crypto_runs\train_run\actor__000000241152_-0007.649.pt,,d3qn
2021-04-17 00:34:14.281751+00:00,61305.61500000001,99771.24802134135,4,0.0,0.0,./checkpoints/d3qn_crypto_runs\train_run\actor__000000241152_-0007.649.pt,,d3qn
2021-04-17 00:34:15.281751+00:00,61305.61500000001,99771.24802134135,4,0.0,0.0,./checkpoints/d3qn_crypto_runs\train_run\actor__000000241152_-0007.649.pt,,d3qn
2021-04-17 00:34:16.281751+00:00,61305.61500000001,99771.24802134135,4,0.0,0.0,./checkpoints/d3qn_crypto_runs\train_run\actor__000000241152_-0007.649.pt,,d3qn
2021-04-17 00:34:17.281751+00:00,61305.61500000001,99771.24802134135,4,0.0,0.0,./checkpoints/d3qn_crypto_runs\train_run\actor__000000241152_-0007.649.pt,,d3qn
2021-04-17 00:34:18.281751+00:00,61305.61500000001,99771.24802134135,4,0.0,0.0,./checkpoints/d3qn_crypto_runs\train_run\actor__000000241152_-0007.649.pt,,d3qn
2021-04-17 00:34:19.281751+00:00,61305.61500000001,99771.24802134135,4,0.0,0.0,./checkpoints/d3qn_crypto_runs\train_run\actor__000000241152_-0007.649.pt,,d3qn
2021-04-17 00:34:20.281751+00:00,61305.61500000001,99771.24802134135,4,0.0,0.0,./checkpoints/d3qn_crypto_runs\train_run\actor__000000241152_-0007.649.pt,,d3qn
2021-04-17 00:34:21.281751+00:00,61305.61500000001,99771.24802134135,4,0.0,0.0,./checkpoints/d3qn_crypto_runs\train_run\actor__000000241152_-0007.649.pt,,d3qn
2021-04-17 00:34:22.281751+00:00,61305.61500000001,99771.24802134135,4,0.0,0.0,./checkpoints/d3qn_crypto_runs\train_run\actor__000000241152_-0007.649.pt,,d3qn
2021-04-17 00:34:23.281751+00:00,61305.61500000001,99771.24802134135,4,0.0,0.0,./checkpoints/d3qn_crypto_runs\train_run\actor__000000241152_-0007.649.pt,,d3qn
2021-04-17 00:34:24.281751+00:00,61305.61500000001,99771.24802134135,4,0.0,0.0,./checkpoints/d3qn_crypto_runs\train_run\actor__000000241152_-0007.649.pt,,d3qn
2021-04-17 00:34:25.281751+00:00,61296.61,99756.59469816997,4,0.0,0.0,./checkpoints/d3qn_crypto_runs\train_run\actor__000000241152_-0007.649.pt,,d3qn
2021-04-17 00:34:26.281751+00:00,61268.655,99711.1026458427,4,0.0,0.0,./checkpoints/d3qn_crypto_runs\train_run\actor__000000241152_-0007.649.pt,,d3qn
2021-04-17 00:34:27.281751+00:00,61260.50500000001,99697.83519011225,4,0.0,0.0,./checkpoints/d3qn_crypto_runs\train_run\actor__000000241152_-0007.649.pt,,d3qn
2021-04-17 00:34:28.281751+00:00,61259.295,99695.87081837257,4,0.0,0.0,./checkpoints/d3qn_crypto_runs\train_run\actor__000000241152_-0007.649.pt,,d3qn
2021-04-17 00:34:29.281751+00:00,61257.00500000001,99692.13914778619,4,0.0,0.0,./checkpoints/d3qn_crypto_runs\train_run\actor__000000241152_-0007.649.pt,,d3qn
2021-04-17 00:34:30.281751+00:00,61257.00500000001,99692.13914778619,4,0.0,0.0,./checkpoints/d3qn_crypto_runs\train_run\actor__000000241152_-0007.649.pt,,d3qn
2021-04-17 00:34:31.281751+00:00,61257.00500000001,99692.13914778619,4,0.0,0.0,./checkpoints/d3qn_crypto_runs\train_run\actor__000000241152_-0007.649.pt,,d3qn
2021-04-17 00:34:32.281751+00:00,61250.00500000001,99680.74706313408,4,0.0,0.0,./checkpoints/d3qn_crypto_runs\train_run\actor__000000241152_-0007.649.pt,,d3qn
2021-04-17 00:34:33.281751+00:00,61250.00500000001,99680.74706313408,4,0.0,0.0,./checkpoints/d3qn_crypto_runs\train_run\actor__000000241152_-0007.649.pt,,d3qn
2021-04-17 00:34:34.281751+00:00,61250.00500000001,99680.74706313408,4,0.0,0.0,./checkpoints/d3qn_crypto_runs\train_run\actor__000000241152_-0007.649.pt,,d3qn
2021-04-17 00:34:35.281751+00:00,61250.00500000001,99680.74706313408,4,0.0,0.0,./checkpoints/d3qn_crypto_runs\train_run\actor__000000241152_-0007.649.pt,,d3qn
2021-04-17 00:34:36.281751+00:00,61250.00500000001,99680.74706313408,4,0.0,0.0,./checkpoints/d3qn_crypto_runs\train_run\actor__000000241152_-0007.649.pt,,d3qn
2021-04-17 00:34:37.281751+00:00,61250.00500000001,99680.74706313408,4,0.0,0.0,./checkpoints/d3qn_crypto_runs\train_run\actor__000000241152_-0007.649.pt,,d3qn
2021-04-17 00:34:38.281751+00:00,61250.00500000001,99680.74706313408,4,0.0,0.0,./checkpoints/d3qn_crypto_runs\train_run\actor__000000241152_-0007.649.pt,,d3qn
2021-04-17 00:34:39.281751+00:00,61250.00500000001,99680.74706313408,4,0.0,0.0,./checkpoints/d3qn_crypto_runs\train_run\actor__000000241152_-0007.649.pt,,d3qn
2021-04-17 00:34:40.281751+00:00,61250.00500000001,99680.74706313408,4,0.0,0.0,./checkpoints/d3qn_crypto_runs\train_run\actor__000000241152_-0007.649.pt,,d3qn
2021-04-17 00:34:41.281751+00:00,61245.705,99673.74779683835,4,0.0,0.0,./checkpoints/d3qn_crypto_runs\train_run\actor__000000241152_-0007.649.pt,,d3qn
2021-04-17 00:34:42.281751+00:00,61245.705,99673.74779683835,4,0.0,0.0,./checkpoints/d3qn_crypto_runs\train_run\actor__000000241152_-0007.649.pt,,d3qn
2021-04-17 00:34:43.281751+00:00,61245.705,99673.74779683835,4,0.0,0.0,./checkpoints/d3qn_crypto_runs\train_run\actor__000000241152_-0007.649.pt,,d3qn
2021-04-17 00:34:44.281751+00:00,61231.775,99651.07805695586,4,0.0,0.0,./checkpoints/d3qn_crypto_runs\train_run\actor__000000241152_-0007.649.pt,,d3qn
2021-04-17 00:34:45.281751+00:00,61231.815,99651.14798604691,4,0.0,0.0,./checkpoints/d3qn_crypto_runs\train_run\actor__000000241152_-0007.649.pt,,d3qn
2021-04-17 00:34:46.281751+00:00,61231.815,99651.14798604691,4,0.0,0.0,./checkpoints/d3qn_crypto_runs\train_run\actor__000000241152_-0007.649.pt,,d3qn
2021-04-17 00:34:47.281751+00:00,61231.815,99651.14798604691,4,0.0,0.0,./checkpoints/d3qn_crypto_runs\train_run\actor__000000241152_-0007.649.pt,,d3qn
2021-04-17 00:34:48.281751+00:00,61231.815,99651.14798604691,4,0.0,0.0,./checkpoints/d3qn_crypto_runs\train_run\actor__000000241152_-0007.649.pt,,d3qn
2021-04-17 00:34:49.281751+00:00,61240.6,99665.44530657292,4,0.0,0.0,./checkpoints/d3qn_crypto_runs\train_run\actor__000000241152_-0007.649.pt,,d3qn
2021-04-17 00:34:50.281751+00:00,61240.955,99666.01745368156,4,0.0,0.0,./checkpoints/d3qn_crypto_runs\train_run\actor__000000241152_-0007.649.pt,,d3qn
2021-04-17 00:34:51.281751+00:00,61240.955,99666.01745368156,4,0.0,0.0,./checkpoints/d3qn_crypto_runs\train_run\actor__000000241152_-0007.649.pt,,d3qn
2021-04-17 00:34:52.281751+00:00,61240.955,99666.01745368156,4,0.0,0.0,./checkpoints/d3qn_crypto_runs\train_run\actor__000000241152_-0007.649.pt,,d3qn
2021-04-17 00:34:53.281751+00:00,61238.025,99661.24956110952,4,0.0,0.0,./checkpoints/d3qn_crypto_runs\train_run\actor__000000241152_-0007.649.pt,,d3qn
2021-04-17 00:34:54.281751+00:00,61238.215,99661.56106342423,4,0.0,0.0,./checkpoints/d3qn_crypto_runs\train_run\actor__000000241152_-0007.649.pt,,d3qn
2021-04-17 00:34:55.281751+00:00,61235.925,99657.83575002795,4,0.0,0.0,./checkpoints/d3qn_crypto_runs\train_run\actor__000000241152_-0007.649.pt,,d3qn
2021-04-17 00:34:56.281751+00:00,61235.945,99657.86753597842,4,0.0,0.0,./checkpoints/d3qn_crypto_runs\train_run\actor__000000241152_-0007.649.pt,,d3qn
2021-04-17 00:34:57.281751+00:00,61235.925,99657.83575002795,4,0.0,0.0,./checkpoints/d3qn_crypto_runs\train_run\actor__000000241152_-0007.649.pt,,d3qn
2021-04-17 00:34:58.281751+00:00,61240.765,99665.71230855695,4,0.0,0.0,./checkpoints/d3qn_crypto_runs\train_run\actor__000000241152_-0007.649.pt,,d3qn
2021-04-17 00:34:59.281751+00:00,61240.765,99665.71230855695,4,0.0,0.0,./checkpoints/d3qn_crypto_runs\train_run\actor__000000241152_-0007.649.pt,,d3qn
2021-04-17 00:35:00.281751+00:00,61250.195,99681.0585654488,4,0.0,0.0,./checkpoints/d3qn_crypto_runs\train_run\actor__000000241152_-0007.649.pt,,d3qn
2021-04-17 00:35:01.281751+00:00,61247.515,99676.69753304291,4,0.0,0.0,./checkpoints/d3qn_crypto_runs\train_run\actor__000000241152_-0007.649.pt,,d3qn
2021-04-17 00:35:02.281751+00:00,61254.285,99687.71454347935,4,0.0,0.0,./checkpoints/d3qn_crypto_runs\train_run\actor__000000241152_-0007.649.pt,,d3qn
2021-04-17 00:35:03.281751+00:00,61254.285,99687.71454347935,4,0.0,0.0,./checkpoints/d3qn_crypto_runs\train_run\actor__000000241152_-0007.649.pt,,d3qn
2021-04-17 00:35:04.281751+00:00,61254.285,99687.71454347935,4,0.0,0.0,./checkpoints/d3qn_crypto_runs\train_run\actor__000000241152_-0007.649.pt,,d3qn
2021-04-17 00:35:05.281751+00:00,61254.285,99687.71454347935,4,0.0,0.0,./checkpoints/d3qn_crypto_runs\train_run\actor__000000241152_-0007.649.pt,,d3qn
2021-04-17 00:35:06.281751+00:00,61260.38,99697.63176002918,4,0.0,0.0,./checkpoints/d3qn_crypto_runs\train_run\actor__000000241152_-0007.649.pt,,d3qn
2021-04-17 00:35:07.281751+00:00,61271.05,99714.99960337156,4,0.0,0.0,./checkpoints/d3qn_crypto_runs\train_run\actor__000000241152_-0007.649.pt,,d3qn
2021-04-17 00:35:08.281751+00:00,61285.145,99737.93634523808,4,0.0,0.0,./checkpoints/d3qn_crypto_runs\train_run\actor__000000241152_-0007.649.pt,,d3qn
2021-04-17 00:35:09.281751+00:00,61285.145,99737.93634523808,4,0.0,0.0,./checkpoints/d3qn_crypto_runs\train_run\actor__000000241152_-0007.649.pt,,d3qn
2021-04-17 00:35:10.281751+00:00,61285.145,99737.93634523808,4,0.0,0.0,./checkpoints/d3qn_crypto_runs\train_run\actor__000000241152_-0007.649.pt,,d3qn
2021-04-17 00:35:11.281751+00:00,61305.61500000001,99771.24802134135,4,0.0,0.0,./checkpoints/d3qn_crypto_runs\train_run\actor__000000241152_-0007.649.pt,,d3qn
2021-04-17 00:35:12.281751+00:00,61305.61500000001,99771.24802134135,4,0.0,0.0,./checkpoints/d3qn_crypto_runs\train_run\actor__000000241152_-0007.649.pt,,d3qn
2021-04-17 00:35:13.281751+00:00,61318.9,99792.86882485799,4,0.0,0.0,./checkpoints/d3qn_crypto_runs\train_run\actor__000000241152_-0007.649.pt,,d3qn
2021-04-17 00:35:14.281751+00:00,61322.945,99799.45487379748,4,0.0,0.0,./checkpoints/d3qn_crypto_runs\train_run\actor__000000241152_-0007.649.pt,,d3qn
2021-04-17 00:35:15.281751+00:00,61322.945,99799.45487379748,4,0.0,0.0,./checkpoints/d3qn_crypto_runs\train_run\actor__000000241152_-0007.649.pt,,d3qn
2021-04-17 00:35:16.281751+00:00,61315.845,99787.89750220288,4,0.0,0.0,./checkpoints/d3qn_crypto_runs\train_run\actor__000000241152_-0007.649.pt,,d3qn
2021-04-17 00:35:17.281751+00:00,61315.845,99787.89750220288,4,0.0,0.0,./checkpoints/d3qn_crypto_runs\train_run\actor__000000241152_-0007.649.pt,,d3qn
2021-04-17 00:35:18.281751+00:00,61315.845,99787.89750220288,4,0.0,0.0,./checkpoints/d3qn_crypto_runs\train_run\actor__000000241152_-0007.649.pt,,d3qn
2021-04-17 00:35:19.281751+00:00,61315.845,99787.89750220288,4,0.0,0.0,./checkpoints/d3qn_crypto_runs\train_run\actor__000000241152_-0007.649.pt,,d3qn
2021-04-17 00:35:20.281751+00:00,61315.845,99786.89961324887,3,0.25000000000000006,0.9978889540143427,./checkpoints/d3qn_crypto_runs\train_run\actor__000000241152_-0007.649.pt,,d3qn
2021-04-17 00:35:21.281751+00:00,61315.845,99786.89960327008,3,2.499999999806694e-06,9.978789749454098e-06,./checkpoints/d3qn_crypto_runs\train_run\actor__000000241152_-0007.649.pt,,d3qn
2021-04-17 00:35:22.281751+00:00,61315.845,99786.89960326997,3,2.499976840078521e-11,9.978697306009312e-11,./checkpoints/d3qn_crypto_runs\train_run\actor__000000241152_-0007.649.pt,,d3qn
2021-04-17 00:35:23.281751+00:00,61315.845,99786.89960326997,3,2.916598328281961e-16,1.1641648600330717e-15,./checkpoints/d3qn_crypto_runs\train_run\actor__000000241152_-0007.649.pt,,d3qn
2021-04-17 00:35:24.281751+00:00,61315.845,99786.89960326997,3,0.0,0.0,./checkpoints/d3qn_crypto_runs\train_run\actor__000000241152_-0007.649.pt,,d3qn
2021-04-17 00:35:25.281751+00:00,61315.845,99786.89960326997,3,0.0,0.0,./checkpoints/d3qn_crypto_runs\train_run\actor__000000241152_-0007.649.pt,,d3qn
2021-04-17 00:35:26.281751+00:00,61315.845,99786.89960326997,3,0.0,0.0,./checkpoints/d3qn_crypto_runs\train_run\actor__000000241152_-0007.649.pt,,d3qn
2021-04-17 00:35:27.281751+00:00,61315.845,99786.89960326997,3,0.0,0.0,./checkpoints/d3qn_crypto_runs\train_run\actor__000000241152_-0007.649.pt,,d3qn
2021-04-17 00:35:28.281751+00:00,61315.845,99786.89960326997,3,0.0,0.0,./checkpoints/d3qn_crypto_runs\train_run\actor__000000241152_-0007.649.pt,,d3qn
2021-04-17 00:35:29.281751+00:00,61315.845,99786.89960326997,3,0.0,0.0,./checkpoints/d3qn_crypto_runs\train_run\actor__000000241152_-0007.649.pt,,d3qn
2021-04-17 00:35:30.281751+00:00,61315.845,99786.89960326997,3,0.0,0.0,./checkpoints/d3qn_crypto_runs\train_run\actor__000000241152_-0007.649.pt,,d3qn
2021-04-17 00:35:31.281751+00:00,61315.845,99786.89960326997,3,0.0,0.0,./checkpoints/d3qn_crypto_runs\train_run\actor__000000241152_-0007.649.pt,,d3qn
2021-04-17 00:35:32.281751+00:00,61315.845,99786.89960326997,3,0.0,0.0,./checkpoints/d3qn_crypto_runs\train_run\actor__000000241152_-0007.649.pt,,d3qn
2021-04-17 00:35:33.281751+00:00,61315.845,99786.89960326997,3,0.0,0.0,./checkpoints/d3qn_crypto_runs\train_run\actor__000000241152_-0007.649.pt,,d3qn
2021-04-17 00:35:34.281751+00:00,61315.845,99786.89960326997,3,0.0,0.0,./checkpoints/d3qn_crypto_runs\train_run\actor__000000241152_-0007.649.pt,,d3qn
2021-04-17 00:35:35.281751+00:00,61315.845,99786.89960326997,3,0.0,0.0,./checkpoints/d3qn_crypto_runs\train_run\actor__000000241152_-0007.649.pt,,d3qn
2021-04-17 00:35:36.281751+00:00,61315.845,99786.89960326997,3,0.0,0.0,./checkpoints/d3qn_crypto_runs\train_run\actor__000000241152_-0007.649.pt,,d3qn
2021-04-17 00:35:37.281751+00:00,61315.845,99786.89960326997,3,0.0,0.0,./checkpoints/d3qn_crypto_runs\train_run\actor__000000241152_-0007.649.pt,,d3qn
2021-04-17 00:35:38.281751+00:00,61315.845,99786.89960326997,3,0.0,0.0,./checkpoints/d3qn_crypto_runs\train_run\actor__000000241152_-0007.649.pt,,d3qn
2021-04-17 00:35:39.281751+00:00,61326.915,99800.41167569434,3,0.0,0.0,./checkpoints/d3qn_crypto_runs\train_run\actor__000000241152_-0007.649.pt,,d3qn
2021-04-17 00:35:40.281751+00:00,61345.24000000001,99829.23347321925,4,0.24996615226280777,0.99783906076118,./checkpoints/d3qn_crypto_runs\train_run\actor__000000241152_-0007.649.pt,,d3qn
2021-04-17 00:35:41.281751+00:00,61343.36500000001,99826.18222070142,4,0.0,0.0,./checkpoints/d3qn_crypto_runs\train_run\actor__000000241152_-0007.649.pt,,d3qn
2021-04-17 00:35:42.281751+00:00,61343.36500000001,99826.18222070142,4,0.0,0.0,./checkpoints/d3qn_crypto_runs\train_run\actor__000000241152_-0007.649.pt,,d3qn
2021-04-17 00:35:43.281751+00:00,61343.36500000001,99826.18222070142,4,0.0,0.0,./checkpoints/d3qn_crypto_runs\train_run\actor__000000241152_-0007.649.pt,,d3qn
2021-04-17 00:35:44.281751+00:00,61343.36500000001,99826.18222070142,4,0.0,0.0,./checkpoints/d3qn_crypto_runs\train_run\actor__000000241152_-0007.649.pt,,d3qn
2021-04-17 00:35:45.281751+00:00,61343.36500000001,99826.18222070142,4,0.0,0.0,./checkpoints/d3qn_crypto_runs\train_run\actor__000000241152_-0007.649.pt,,d3qn
2021-04-17 00:35:46.281751+00:00,61352.05,99840.31969070068,4,0.0,0.0,./checkpoints/d3qn_crypto_runs\train_run\actor__000000241152_-0007.649.pt,,d3qn
2021-04-17 00:35:47.281751+00:00,61354.61500000001,99844.48973580838,4,0.0,0.0,./checkpoints/d3qn_crypto_runs\train_run\actor__000000241152_-0007.649.pt,,d3qn
2021-04-17 00:35:48.281751+00:00,61368.965,99867.84453112191,4,0.0,0.0,./checkpoints/d3qn_crypto_runs\train_run\actor__000000241152_-0007.649.pt,,d3qn
2021-04-17 00:35:49.281751+00:00,61368.965,99867.84453112191,4,0.0,0.0,./checkpoints/d3qn_crypto_runs\train_run\actor__000000241152_-0007.649.pt,,d3qn
2021-04-17 00:35:50.281751+00:00,61368.965,99867.84453112191,4,0.0,0.0,./checkpoints/d3qn_crypto_runs\train_run\actor__000000241152_-0007.649.pt,,d3qn
2021-04-17 00:35:51.281751+00:00,61368.965,99867.84453112191,4,0.0,0.0,./checkpoints/d3qn_crypto_runs\train_run\actor__000000241152_-0007.649.pt,,d3qn
2021-04-17 00:35:52.281751+00:00,61368.965,99867.84453112191,4,0.0,0.0,./checkpoints/d3qn_crypto_runs\train_run\actor__000000241152_-0007.649.pt,,d3qn
2021-04-17 00:35:53.281751+00:00,61368.965,99867.84453112191,4,0.0,0.0,./checkpoints/d3qn_crypto_runs\train_run\actor__000000241152_-0007.649.pt,,d3qn
2021-04-17 00:35:54.281751+00:00,61368.965,99867.84453112191,4,0.0,0.0,./checkpoints/d3qn_crypto_runs\train_run\actor__000000241152_-0007.649.pt,,d3qn
2021-04-17 00:35:55.281751+00:00,61368.965,99867.84453112191,4,0.0,0.0,./checkpoints/d3qn_crypto_runs\train_run\actor__000000241152_-0007.649.pt,,d3qn
2021-04-17 00:35:56.281751+00:00,61368.965,99867.84453112191,4,0.0,0.0,./checkpoints/d3qn_crypto_runs\train_run\actor__000000241152_-0007.649.pt,,d3qn
2021-04-17 00:35:57.281751+00:00,61391.605,99904.68840527465,4,0.0,0.0,./checkpoints/d3qn_crypto_runs\train_run\actor__000000241152_-0007.649.pt,,d3qn
2021-04-17 00:35:58.281751+00:00,61393.685,99908.07021014858,4,0.0,0.0,./checkpoints/d3qn_crypto_runs\train_run\actor__000000241152_-0007.649.pt,,d3qn
2021-04-17 00:35:59.281751+00:00,61393.685,99908.07021014858,4,0.0,0.0,./checkpoints/d3qn_crypto_runs\train_run\actor__000000241152_-0007.649.pt,,d3qn
2021-04-17 00:36:00.281751+00:00,61389.475,99901.2239623117,4,0.0,0.0,./checkpoints/d3qn_crypto_runs\train_run\actor__000000241152_-0007.649.pt,,d3qn
2021-04-17 00:36:01.281751+00:00,61386.565,99896.488164133,4,0.0,0.0,./checkpoints/d3qn_crypto_runs\train_run\actor__000000241152_-0007.649.pt,,d3qn
2021-04-17 00:36:02.281751+00:00,61386.565,99896.488164133,4,0.0,0.0,./checkpoints/d3qn_crypto_runs\train_run\actor__000000241152_-0007.649.pt,,d3qn
2021-04-17 00:36:03.281751+00:00,61399.385,99917.35110322363,4,0.0,0.0,./checkpoints/d3qn_crypto_runs\train_run\actor__000000241152_-0007.649.pt,,d3qn
2021-04-17 00:36:04.281751+00:00,61400.425,99919.0420056606,4,0.0,0.0,./checkpoints/d3qn_crypto_runs\train_run\actor__000000241152_-0007.649.pt,,d3qn
2021-04-17 00:36:05.281751+00:00,61400.955,99919.90017043122,4,0.0,0.0,./checkpoints/d3qn_crypto_runs\train_run\actor__000000241152_-0007.649.pt,,d3qn
2021-04-17 00:36:06.281751+00:00,61411.195,99936.56763730985,4,0.0,0.0,./checkpoints/d3qn_crypto_runs\train_run\actor__000000241152_-0007.649.pt,,d3qn
2021-04-17 00:36:07.281751+00:00,61411.195,99936.56763730985,4,0.0,0.0,./checkpoints/d3qn_crypto_runs\train_run\actor__000000241152_-0007.649.pt,,d3qn
2021-04-17 00:36:08.281751+00:00,61411.195,99936.56763730985,4,0.0,0.0,./checkpoints/d3qn_crypto_runs\train_run\actor__000000241152_-0007.649.pt,,d3qn
2021-04-17 00:36:09.281751+00:00,61411.195,99936.56763730985,4,0.0,0.0,./checkpoints/d3qn_crypto_runs\train_run\actor__000000241152_-0007.649.pt,,d3qn
2021-04-17 00:36:10.281751+00:00,61411.195,99935.56826163962,3,0.24999999999999997,0.9993756702278915,./checkpoints/d3qn_crypto_runs\train_run\actor__000000241152_-0007.649.pt,,d3qn
2021-04-17 00:36:11.281751+00:00,61411.195,99934.56894593014,4,0.2499975000000002,0.9993157094868366,./checkpoints/d3qn_crypto_runs\train_run\actor__000000241152_-0007.649.pt,,d3qn
2021-04-17 00:36:12.281751+00:00,61411.195,99933.56959024703,3,0.24999999999999992,0.9993556831177557,./checkpoints/d3qn_crypto_runs\train_run\actor__000000241152_-0007.649.pt,,d3qn
2021-04-17 00:36:13.281751+00:00,61411.195,99933.56958025358,3,2.4999999997806958e-06,9.993456893703234e-06,./checkpoints/d3qn_crypto_runs\train_run\actor__000000241152_-0007.649.pt,,d3qn
2021-04-17 00:36:14.281751+00:00,61411.195,99933.56958025348,3,2.4999772075042163e-11,9.993365783276224e-11,./checkpoints/d3qn_crypto_runs\train_run\actor__000000241152_-0007.649.pt,,d3qn
2021-04-17 00:36:15.281751+00:00,61411.195,99933.56958025348,3,2.912317710552843e-16,1.1641648600330717e-15,./checkpoints/d3qn_crypto_runs\train_run\actor__000000241152_-0007.649.pt,,d3qn
2021-04-17 00:36:16.281751+00:00,61411.195,99932.57027453695,4,0.24999999999999992,0.9993057165265782,./checkpoints/d3qn_crypto_runs\train_run\actor__000000241152_-0007.649.pt,,d3qn
2021-04-17 00:36:17.281751+00:00,61411.195,99932.57027453695,4,0.0,0.0,./checkpoints/d3qn_crypto_runs\train_run\actor__000000241152_-0007.649.pt,,d3qn
2021-04-17 00:36:18.281751+00:00,61411.195,99932.57027453695,4,0.0,0.0,./checkpoints/d3qn_crypto_runs\train_run\actor__000000241152_-0007.649.pt,,d3qn
2021-04-17 00:36:19.281751+00:00,61411.195,99932.57027453695,4,0.0,0.0,./checkpoints/d3qn_crypto_runs\train_run\actor__000000241152_-0007.649.pt,,d3qn
2021-04-17 00:36:20.281751+00:00,61411.195,99932.57027453695,4,0.0,0.0,./checkpoints/d3qn_crypto_runs\train_run\actor__000000241152_-0007.649.pt,,d3qn
2021-04-17 00:36:21.281751+00:00,61411.195,99932.57027453695,4,0.0,0.0,./checkpoints/d3qn_crypto_runs\train_run\actor__000000241152_-0007.649.pt,,d3qn
2021-04-17 00:36:22.281751+00:00,61411.195,99932.57027453695,4,0.0,0.0,./checkpoints/d3qn_crypto_runs\train_run\actor__000000241152_-0007.649.pt,,d3qn
2021-04-17 00:36:23.281751+00:00,61411.195,99932.57027453695,4,0.0,0.0,./checkpoints/d3qn_crypto_runs\train_run\actor__000000241152_-0007.649.pt,,d3qn
2021-04-17 00:36:24.281751+00:00,61393.11500000001,99903.1459350594,4,0.0,0.0,./checkpoints/d3qn_crypto_runs\train_run\actor__000000241152_-0007.649.pt,,d3qn
2021-04-17 00:36:25.281751+00:00,61419.61500000001,99946.26857904637,4,0.0,0.0,./checkpoints/d3qn_crypto_runs\train_run\actor__000000241152_-0007.649.pt,,d3qn
2021-04-17 00:36:26.281751+00:00,61415.375,99939.37175287805,4,0.0,0.0,./checkpoints/d3qn_crypto_runs\train_run\actor__000000241152_-0007.649.pt,,d3qn
2021-04-17 00:36:27.281751+00:00,61413.215,99935.85659631484,4,0.0,0.0,./checkpoints/d3qn_crypto_runs\train_run\actor__000000241152_-0007.649.pt,,d3qn
2021-04-17 00:36:28.281751+00:00,61413.235,99935.88837892392,4,0.0,0.0,./checkpoints/d3qn_crypto_runs\train_run\actor__000000241152_-0007.649.pt,,d3qn
2021-04-17 00:36:29.281751+00:00,61413.25500000001,99935.92016153298,4,0.0,0.0,./checkpoints/d3qn_crypto_runs\train_run\actor__000000241152_-0007.649.pt,,d3qn
2021-04-17 00:36:30.281751+00:00,61413.25500000001,99935.92016153298,4,0.0,0.0,./checkpoints/d3qn_crypto_runs\train_run\actor__000000241152_-0007.649.pt,,d3qn
2021-04-17 00:36:31.281751+00:00,61413.25500000001,99935.92016153298,4,0.0,0.0,./checkpoints/d3qn_crypto_runs\train_run\actor__000000241152_-0007.649.pt,,d3qn
2021-04-17 00:36:32.281751+00:00,61413.22500000001,99935.87566588029,4,0.0,0.0,./checkpoints/d3qn_crypto_runs\train_run\actor__000000241152_-0007.649.pt,,d3qn
2021-04-17 00:36:33.281751+00:00,61413.22500000001,99935.87566588029,4,0.0,0.0,./checkpoints/d3qn_crypto_runs\train_run\actor__000000241152_-0007.649.pt,,d3qn
2021-04-17 00:36:34.281751+00:00,61413.22500000001,99935.87566588029,4,0.0,0.0,./checkpoints/d3qn_crypto_runs\train_run\actor__000000241152_-0007.649.pt,,d3qn
2021-04-17 00:36:35.281751+00:00,61413.22500000001,99935.87566588029,4,0.0,0.0,./checkpoints/d3qn_crypto_runs\train_run\actor__000000241152_-0007.649.pt,,d3qn
2021-04-17 00:36:36.281751+00:00,61413.22500000001,99935.87566588029,4,0.0,0.0,./checkpoints/d3qn_crypto_runs\train_run\actor__000000241152_-0007.649.pt,,d3qn
2021-04-17 00:36:37.281751+00:00,61413.22500000001,99935.87566588029,4,0.0,0.0,./checkpoints/d3qn_crypto_runs\train_run\actor__000000241152_-0007.649.pt,,d3qn
2021-04-17 00:36:38.281751+00:00,61401.985,99917.58159609926,4,0.0,0.0,./checkpoints/d3qn_crypto_runs\train_run\actor__000000241152_-0007.649.pt,,d3qn
2021-04-17 00:36:39.281751+00:00,61401.985,99917.58159609926,4,0.0,0.0,./checkpoints/d3qn_crypto_runs\train_run\actor__000000241152_-0007.649.pt,,d3qn
2021-04-17 00:36:40.281751+00:00,61401.985,99917.58159609926,4,0.0,0.0,./checkpoints/d3qn_crypto_runs\train_run\actor__000000241152_-0007.649.pt,,d3qn
2021-04-17 00:36:41.281751+00:00,61405.25,99922.89564833586,4,0.0,0.0,./checkpoints/d3qn_crypto_runs\train_run\actor__000000241152_-0007.649.pt,,d3qn
2021-04-17 00:36:42.281751+00:00,61407.065,99925.85143097943,4,0.0,0.0,./checkpoints/d3qn_crypto_runs\train_run\actor__000000241152_-0007.649.pt,,d3qn
2021-04-17 00:36:43.281751+00:00,61407.065,99925.85143097943,4,0.0,0.0,./checkpoints/d3qn_crypto_runs\train_run\actor__000000241152_-0007.649.pt,,d3qn
2021-04-17 00:36:44.281751+00:00,61407.065,99925.85143097943,4,0.0,0.0,./checkpoints/d3qn_crypto_runs\train_run\actor__000000241152_-0007.649.pt,,d3qn
2021-04-17 00:36:45.281751+00:00,61397.44,99910.18896122945,4,0.0,0.0,./checkpoints/d3qn_crypto_runs\train_run\actor__000000241152_-0007.649.pt,,d3qn
2021-04-17 00:36:46.281751+00:00,61400.025,99914.39062214857,4,0.0,0.0,./checkpoints/d3qn_crypto_runs\train_run\actor__000000241152_-0007.649.pt,,d3qn
2021-04-17 00:36:47.281751+00:00,61397.71,99910.62756123462,4,0.0,0.0,./checkpoints/d3qn_crypto_runs\train_run\actor__000000241152_-0007.649.pt,,d3qn
2021-04-17 00:36:48.281751+00:00,61397.705,99910.61484819099,4,0.0,0.0,./checkpoints/d3qn_crypto_runs\train_run\actor__000000241152_-0007.649.pt,,d3qn
2021-04-17 00:36:49.281751+00:00,61400.045,99914.42876127946,4,0.0,0.0,./checkpoints/d3qn_crypto_runs\train_run\actor__000000241152_-0007.649.pt,,d3qn
2021-04-17 00:36:50.281751+00:00,61400.015,99914.37790910495,4,0.0,0.0,./checkpoints/d3qn_crypto_runs\train_run\actor__000000241152_-0007.649.pt,,d3qn
2021-04-17 00:36:51.281751+00:00,61400.015,99914.37790910495,4,0.0,0.0,./checkpoints/d3qn_crypto_runs\train_run\actor__000000241152_-0007.649.pt,,d3qn
2021-04-17 00:36:52.281751+00:00,61400.015,99914.37790910495,4,0.0,0.0,./checkpoints/d3qn_crypto_runs\train_run\actor__000000241152_-0007.649.pt,,d3qn
2021-04-17 00:36:53.281751+00:00,61400.015,99914.37790910495,4,0.0,0.0,./checkpoints/d3qn_crypto_runs\train_run\actor__000000241152_-0007.649.pt,,d3qn
2021-04-17 00:36:54.281751+00:00,61400.015,99914.37790910495,4,0.0,0.0,./checkpoints/d3qn_crypto_runs\train_run\actor__000000241152_-0007.649.pt,,d3qn
2021-04-17 00:36:55.281751+00:00,61400.045,99914.42876127946,4,0.0,0.0,./checkpoints/d3qn_crypto_runs\train_run\actor__000000241152_-0007.649.pt,,d3qn
2021-04-17 00:36:56.281751+00:00,61400.045,99914.42876127946,4,0.0,0.0,./checkpoints/d3qn_crypto_runs\train_run\actor__000000241152_-0007.649.pt,,d3qn
2021-04-17 00:36:57.281751+00:00,61400.025,99914.39062214857,4,0.0,0.0,./checkpoints/d3qn_crypto_runs\train_run\actor__000000241152_-0007.649.pt,,d3qn
2021-04-17 00:36:58.281751+00:00,61397.335,99910.01733514047,4,0.0,0.0,./checkpoints/d3qn_crypto_runs\train_run\actor__000000241152_-0007.649.pt,,d3qn
2021-04-17 00:36:59.281751+00:00,61400.045,99914.42876127946,4,0.0,0.0,./checkpoints/d3qn_crypto_runs\train_run\actor__000000241152_-0007.649.pt,,d3qn
2021-04-17 00:37:00.281751+00:00,61397.375,99910.0809003586,4,0.0,0.0,./checkpoints/d3qn_crypto_runs\train_run\actor__000000241152_-0007.649.pt,,d3qn
2021-04-17 00:37:01.281751+00:00,61400.045,99914.42876127946,4,0.0,0.0,./checkpoints/d3qn_crypto_runs\train_run\actor__000000241152_-0007.649.pt,,d3qn
2021-04-17 00:37:02.281751+00:00,61397.57,99910.3987264493,4,0.0,0.0,./checkpoints/d3qn_crypto_runs\train_run\actor__000000241152_-0007.649.pt,,d3qn
2021-04-17 00:37:03.281751+00:00,61393.11500000001,99903.1459350594,4,0.0,0.0,./checkpoints/d3qn_crypto_runs\train_run\actor__000000241152_-0007.649.pt,,d3qn
2021-04-17 00:37:04.281751+00:00,61386.565,99892.49240449895,4,0.0,0.0,./checkpoints/d3qn_crypto_runs\train_run\actor__000000241152_-0007.649.pt,,d3qn
2021-04-17 00:37:05.281751+00:00,61363.2,99854.4676910069,4,0.0,0.0,./checkpoints/d3qn_crypto_runs\train_run\actor__000000241152_-0007.649.pt,,d3qn
2021-04-17 00:37:06.281751+00:00,61367.895,99862.10823022746,4,0.0,0.0,./checkpoints/d3qn_crypto_runs\train_run\actor__000000241152_-0007.649.pt,,d3qn
2021-04-17 00:37:07.281751+00:00,61359.78,99848.90573441953,4,0.0,0.0,./checkpoints/d3qn_crypto_runs\train_run\actor__000000241152_-0007.649.pt,,d3qn
2021-04-17 00:37:08.281751+00:00,61350.785,99834.26666468162,4,0.0,0.0,./checkpoints/d3qn_crypto_runs\train_run\actor__000000241152_-0007.649.pt,,d3qn
2021-04-17 00:37:09.281751+00:00,61345.23,99825.22769066195,4,0.0,0.0,./checkpoints/d3qn_crypto_runs\train_run\actor__000000241152_-0007.649.pt,,d3qn
2021-04-17 00:37:10.281751+00:00,61343.375,99822.20834280025,4,0.0,0.0,./checkpoints/d3qn_crypto_runs\train_run\actor__000000241152_-0007.649.pt,,d3qn
2021-04-17 00:37:11.281751+00:00,61343.375,99822.20834280025,4,0.0,0.0,./checkpoints/d3qn_crypto_runs\train_run\actor__000000241152_-0007.649.pt,,d3qn
2021-04-17 00:37:12.281751+00:00,61343.375,99822.20834280025,4,0.0,0.0,./checkpoints/d3qn_crypto_runs\train_run\actor__000000241152_-0007.649.pt,,d3qn
2021-04-17 00:37:13.281751+00:00,61323.57,99789.98077720267,4,0.0,0.0,./checkpoints/d3qn_crypto_runs\train_run\actor__000000241152_-0007.649.pt,,d3qn
2021-04-17 00:37:14.281751+00:00,61323.555,99789.95535111542,4,0.0,0.0,./checkpoints/d3qn_crypto_runs\train_run\actor__000000241152_-0007.649.pt,,d3qn
2021-04-17 00:37:15.281751+00:00,61323.585,99790.00620328993,4,0.0,0.0,./checkpoints/d3qn_crypto_runs\train_run\actor__000000241152_-0007.649.pt,,d3qn
2021-04-17 00:37:16.281751+00:00,61323.585,99790.00620328993,4,0.0,0.0,./checkpoints/d3qn_crypto_runs\train_run\actor__000000241152_-0007.649.pt,,d3qn
2021-04-17 00:37:17.281751+00:00,61323.585,99790.00620328993,4,0.0,0.0,./checkpoints/d3qn_crypto_runs\train_run\actor__000000241152_-0007.649.pt,,d3qn
2021-04-17 00:37:18.281751+00:00,61323.585,99790.00620328993,4,0.0,0.0,./checkpoints/d3qn_crypto_runs\train_run\actor__000000241152_-0007.649.pt,,d3qn
2021-04-17 00:37:19.281751+00:00,61323.585,99790.00620328993,4,0.0,0.0,./checkpoints/d3qn_crypto_runs\train_run\actor__000000241152_-0007.649.pt,,d3qn
2021-04-17 00:37:20.281751+00:00,61323.555,99789.95535111542,4,0.0,0.0,./checkpoints/d3qn_crypto_runs\train_run\actor__000000241152_-0007.649.pt,,d3qn
2021-04-17 00:37:21.281751+00:00,61323.555,99789.95535111542,4,0.0,0.0,./checkpoints/d3qn_crypto_runs\train_run\actor__000000241152_-0007.649.pt,,d3qn
2021-04-17 00:37:22.281751+00:00,61323.555,99789.95535111542,4,0.0,0.0,./checkpoints/d3qn_crypto_runs\train_run\actor__000000241152_-0007.649.pt,,d3qn
2021-04-17 00:37:23.281751+00:00,61323.555,99789.95535111542,4,0.0,0.0,./checkpoints/d3qn_crypto_runs\train_run\actor__000000241152_-0007.649.pt,,d3qn
2021-04-17 00:37:24.281751+00:00,61334.49000000001,99807.74725567314,4,0.0,0.0,./checkpoints/d3qn_crypto_runs\train_run\actor__000000241152_-0007.649.pt,,d3qn
2021-04-17 00:37:25.281751+00:00,61343.36500000001,99822.1892732348,4,0.0,0.0,./checkpoints/d3qn_crypto_runs\train_run\actor__000000241152_-0007.649.pt,,d3qn
2021-04-17 00:37:26.281751+00:00,61343.36500000001,99822.1892732348,4,0.0,0.0,./checkpoints/d3qn_crypto_runs\train_run\actor__000000241152_-0007.649.pt,,d3qn
2021-04-17 00:37:27.281751+00:00,61343.36500000001,99821.19104135966,3,0.25,0.9982318751499406,./checkpoints/d3qn_crypto_runs\train_run\actor__000000241152_-0007.649.pt,,d3qn
2021-04-17 00:37:28.281751+00:00,61360.885,99842.5773351523,3,2.4999999997352173e-06,9.98221892628548e-06,./checkpoints/d3qn_crypto_runs\train_run\actor__000000241152_-0007.649.pt,,d3qn
2021-04-17 00:37:29.281751+00:00,61360.885,99842.57712128702,3,5.3550084362004965e-05,0.00021386527624311924,./checkpoints/d3qn_crypto_runs\train_run\actor__000000241152_-0007.649.pt,,d3qn
2021-04-17 00:37:30.281751+00:00,61360.885,99841.57872546992,4,0.24999999946450446,0.998395817092387,./checkpoints/d3qn_crypto_runs\train_run\actor__000000241152_-0007.649.pt,,d3qn
2021-04-17 00:37:31.281751+00:00,61360.885,99841.57872546992,4,0.0,0.0,./checkpoints/d3qn_crypto_runs\train_run\actor__000000241152_-0007.649.pt,,d3qn
2021-04-17 00:37:32.281751+00:00,61371.195,99858.35205339064,4,0.0,0.0,./checkpoints/d3qn_crypto_runs\train_run\actor__000000241152_-0007.649.pt,,d3qn
2021-04-17 00:37:33.281751+00:00,61379.97,99872.62749655469,4,0.0,0.0,./checkpoints/d3qn_crypto_runs\train_run\actor__000000241152_-0007.649.pt,,d3qn
2021-04-17 00:37:34.281751+00:00,61369.285,99855.24399831174,4,0.0,0.0,./checkpoints/d3qn_crypto_runs\train_run\actor__000000241152_-0007.649.pt,,d3qn
2021-04-17 00:37:35.281751+00:00,61369.285,99855.24399831174,4,0.0,0.0,./checkpoints/d3qn_crypto_runs\train_run\actor__000000241152_-0007.649.pt,,d3qn
2021-04-17 00:37:36.281751+00:00,61369.265,99855.21221860746,4,0.0,0.0,./checkpoints/d3qn_crypto_runs\train_run\actor__000000241152_-0007.649.pt,,d3qn
2021-04-17 00:37:37.281751+00:00,61369.285,99855.24399831174,4,0.0,0.0,./checkpoints/d3qn_crypto_runs\train_run\actor__000000241152_-0007.649.pt,,d3qn
2021-04-17 00:37:38.281751+00:00,61367.595,99852.4918759208,4,0.0,0.0,./checkpoints/d3qn_crypto_runs\train_run\actor__000000241152_-0007.649.pt,,d3qn
2021-04-17 00:37:39.281751+00:00,61369.285,99855.24399831174,4,0.0,0.0,./checkpoints/d3qn_crypto_runs\train_run\actor__000000241152_-0007.649.pt,,d3qn
2021-04-17 00:37:40.281751+00:00,61369.285,99855.24399831174,4,0.0,0.0,./checkpoints/d3qn_crypto_runs\train_run\actor__000000241152_-0007.649.pt,,d3qn
2021-04-17 00:37:41.281751+00:00,61367.085,99851.66560360944,4,0.0,0.0,./checkpoints/d3qn_crypto_runs\train_run\actor__000000241152_-0007.649.pt,,d3qn
2021-04-17 00:37:42.281751+00:00,61361.695,99842.89440522726,4,0.0,0.0,./checkpoints/d3qn_crypto_runs\train_run\actor__000000241152_-0007.649.pt,,d3qn
2021-04-17 00:37:43.281751+00:00,61361.705,99842.90711710896,4,0.0,0.0,./checkpoints/d3qn_crypto_runs\train_run\actor__000000241152_-0007.649.pt,,d3qn
2021-04-17 00:37:44.281751+00:00,61363.61500000001,99846.01517218786,4,0.0,0.0,./checkpoints/d3qn_crypto_runs\train_run\actor__000000241152_-0007.649.pt,,d3qn
2021-04-17 00:37:45.281751+00:00,61361.705,99842.90711710896,4,0.0,0.0,./checkpoints/d3qn_crypto_runs\train_run\actor__000000241152_-0007.649.pt,,d3qn
2021-04-17 00:37:46.281751+00:00,61361.705,99842.90711710896,4,0.0,0.0,./checkpoints/d3qn_crypto_runs\train_run\actor__000000241152_-0007.649.pt,,d3qn
2021-04-17 00:37:47.281751+00:00,61361.705,99842.90711710896,4,0.0,0.0,./checkpoints/d3qn_crypto_runs\train_run\actor__000000241152_-0007.649.pt,,d3qn
2021-04-17 00:37:48.281751+00:00,61361.705,99842.90711710896,4,0.0,0.0,./checkpoints/d3qn_crypto_runs\train_run\actor__000000241152_-0007.649.pt,,d3qn
2021-04-17 00:37:49.281751+00:00,61361.705,99842.90711710896,4,0.0,0.0,./checkpoints/d3qn_crypto_runs\train_run\actor__000000241152_-0007.649.pt,,d3qn
2021-04-17 00:37:50.281751+00:00,61361.705,99842.90711710896,4,0.0,0.0,./checkpoints/d3qn_crypto_runs\train_run\actor__000000241152_-0007.649.pt,,d3qn
2021-04-17 00:37:51.281751+00:00,61361.705,99842.90711710896,4,0.0,0.0,./checkpoints/d3qn_crypto_runs\train_run\actor__000000241152_-0007.649.pt,,d3qn
2021-04-17 00:37:52.281751+00:00,61361.705,99842.90711710896,4,0.0,0.0,./checkpoints/d3qn_crypto_runs\train_run\actor__000000241152_-0007.649.pt,,d3qn
2021-04-17 00:37:53.281751+00:00,61361.705,99842.90711710896,4,0.0,0.0,./checkpoints/d3qn_crypto_runs\train_run\actor__000000241152_-0007.649.pt,,d3qn
2021-04-17 00:37:54.281751+00:00,61361.705,99842.90711710896,4,0.0,0.0,./checkpoints/d3qn_crypto_runs\train_run\actor__000000241152_-0007.649.pt,,d3qn
2021-04-17 00:37:55.281751+00:00,61361.705,99842.90711710896,4,0.0,0.0,./checkpoints/d3qn_crypto_runs\train_run\actor__000000241152_-0007.649.pt,,d3qn
2021-04-17 00:37:56.281751+00:00,61361.705,99842.90711710896,4,0.0,0.0,./checkpoints/d3qn_crypto_runs\train_run\actor__000000241152_-0007.649.pt,,d3qn
2021-04-17 00:37:57.281751+00:00,61349.08,99822.36471626024,4,0.0,0.0,./checkpoints/d3qn_crypto_runs\train_run\actor__000000241152_-0007.649.pt,,d3qn
2021-04-17 00:37:58.281751+00:00,61331.785,99794.22696608784,4,0.0,0.0,./checkpoints/d3qn_crypto_runs\train_run\actor__000000241152_-0007.649.pt,,d3qn
2021-04-17 00:37:59.281751+00:00,61331.785,99794.22696608784,4,0.0,0.0,./checkpoints/d3qn_crypto_runs\train_run\actor__000000241152_-0007.649.pt,,d3qn
2021-04-17 00:38:00.281751+00:00,61357.035,99835.31176778526,4,0.0,0.0,./checkpoints/d3qn_crypto_runs\train_run\actor__000000241152_-0007.649.pt,,d3qn
2021-04-17 00:38:01.281751+00:00,61357.035,99835.31176778526,4,0.0,0.0,./checkpoints/d3qn_crypto_runs\train_run\actor__000000241152_-0007.649.pt,,d3qn
2021-04-17 00:38:02.281751+00:00,61370.875,99853.83659294888,4,0.9999800000000001,3.9942732915078523,./checkpoints/d3qn_crypto_runs\train_run\actor__000000241152_-0007.649.pt,,d3qn
