date,account_value
2011-02-01,1000000.0
2011-02-02,1000101.5887142182
2011-02-03,1000190.4730599404
2011-02-04,1000999.5982294083
2011-02-07,1003372.7040235519
2011-02-08,1007686.4225777625
2011-02-09,1005261.9854476929
2011-02-10,1003324.9682188987
2011-02-11,1008828.3843323364
2011-02-14,1009015.9465653076
2011-02-15,1007052.0036560668
2011-02-16,1011023.542577423
2011-02-17,1010805.5921646728
2011-02-18,1018044.4042832031
2011-02-22,999563.2029854431
2011-02-23,992944.422303833
2011-02-24,993334.8775765075
2011-02-25,1001624.6305328979
2011-02-28,1004005.6271568908
2011-03-01,989542.2886368408
2011-03-02,1000000.0
2011-03-03,1002077.5306678776
2011-03-04,999894.9624122625
2011-03-07,996575.1589176182
2011-03-08,1001448.2996322634
2011-03-09,1002781.5707987787
2011-03-10,990244.2973997118
2011-03-11,995223.652476311
2011-03-14,990169.2305443767
2011-03-15,980585.4252122233
2011-03-16,960855.617698788
2011-03-17,971570.1224593624
2011-03-18,980433.7266847499
2011-03-21,992714.4898297504
2011-03-22,991660.3692592853
2011-03-23,994540.1555632213
2011-03-24,1002479.430127538
2011-03-25,1002976.4898542179
2011-03-28,999986.1923737224
2011-03-29,1008445.7922629827
2011-03-30,1000000.0
2011-03-31,999540.4933355333
2011-04-01,1000374.4505610467
2011-04-04,1000448.8797015194
2011-04-05,999915.287926865
2011-04-06,1002728.810660935
2011-04-07,1002943.9984298709
2011-04-08,1000274.7394690517
2011-04-11,1001058.1850630763
2011-04-12,994718.3289016165
2011-04-13,994555.4809354224
2011-04-14,990849.7247336783
2011-04-15,995617.9496749319
2011-04-18,986488.8770564474
2011-04-19,985322.4741603254
2011-04-20,998697.9680978177
2011-04-21,1003734.431725633
2011-04-25,1002086.79580034
2011-04-26,1009633.6353761075
2011-04-27,1016190.2075368284
2011-04-28,1000000.0
2011-04-29,1000158.5810379982
2011-05-02,1000415.0520130157
2011-05-03,1000552.8868107798
2011-05-04,997964.8410194399
2011-05-05,992867.7248101237
2011-05-06,995169.7083528521
2011-05-09,996522.7074369433
2011-05-10,1002119.752881241
2011-05-11,992076.589458216
2011-05-12,993380.5275950606
2011-05-13,986620.4010067007
2011-05-16,980887.4208263629
2011-05-17,981472.1875309222
2011-05-18,987736.6813568347
2011-05-19,989863.8253006213
2011-05-20,981632.8722252124
2011-05-23,974245.5194572681
2011-05-24,973028.3855537646
2011-05-25,975203.6824936145
2011-05-26,1000000.0
2011-05-27,1000513.1764891626
2011-05-31,1003393.6238683703
2011-06-01,993109.5979491238
2011-06-02,992103.8796459202
2011-06-03,987239.9858253484
2011-06-06,982389.4776082044
2011-06-07,979933.7965292934
2011-06-08,975741.0814518436
2011-06-09,983923.9662862191
2011-06-10,972062.5271988139
2011-06-13,973193.486109672
2011-06-14,982802.7263447641
2011-06-15,968274.9835106977
2011-06-16,972910.6854932932
2011-06-17,976645.0668017077
2011-06-20,980659.5893305544
2011-06-21,990582.7788904909
2011-06-22,983017.724229524
2011-06-23,978396.4682228836
2011-06-24,1000000.0
2011-06-27,1001017.8342983245
2011-06-28,1003653.8957788467
2011-06-29,1006211.5629205701
2011-06-30,1011410.1392925261
2011-07-01,1021279.5095266341
2011-07-05,1019871.7733804702
2011-07-06,1023763.5145107268
2011-07-07,1031274.2339736022
2011-07-08,1025127.7044536438
2011-07-11,1010692.8112951793
2011-07-12,1004677.771238283
2011-07-13,1008514.5692927684
2011-07-14,1004442.2680778655
2011-07-15,1008956.0914725227
2011-07-18,1001289.6138511467
2011-07-19,1017238.1783417034
2011-07-20,1019674.8488834667
2011-07-21,1031348.0044983196
2011-07-22,1026800.7209347057
2011-07-25,1000000.0
2011-07-26,999590.3587490082
2011-07-27,995118.1911992073
2011-07-28,994286.5786940574
2011-07-29,991797.029162979
2011-08-01,990365.8240669249
2011-08-02,975244.7178791045
2011-08-03,976916.0444987296
2011-08-04,937085.5862107277
2011-08-05,939779.2223632698
2011-08-08,883660.3092192278
2011-08-09,922050.9811883935
2011-08-10,873390.5975244483
2011-08-11,910534.8053554973
2011-08-12,917164.504618225
2011-08-15,936673.7021613426
2011-08-16,928843.6905859737
2011-08-17,927790.2633538713
2011-08-18,894490.4568736849
2011-08-19,883847.6924011278
2011-08-22,1000000.0
2011-08-23,1002909.1250896456
2011-08-24,1005944.6574011805
2011-08-25,1000871.4234293939
2011-08-26,1008027.8279963499
2011-08-29,1021681.0626478199
2011-08-30,1022671.7437765126
2011-08-31,1027076.5364955906
2011-09-01,1014750.2351951604
2011-09-02,988814.1285311703
2011-09-06,979450.5397040524
2011-09-07,1004819.6462523617
2011-09-08,991340.6103579678
2011-09-09,964544.6358382382
2011-09-12,972666.6730029263
2011-09-13,979833.6579501309
2011-09-14,992188.2363307156
2011-09-15,1011432.4241816677
2011-09-16,1018323.8459727444
2011-09-19,1008940.8448692517
2011-09-20,1000000.0
2011-09-21,996303.1375696183
2011-09-22,988111.0297363282
2011-09-23,990573.2051010132
2011-09-26,1001771.5311841965
2011-09-27,1008941.154987049
2011-09-28,995763.1750200271
2011-09-29,1004799.6943404197
2011-09-30,982789.2817429542
2011-10-03,955762.012513462
2011-10-04,974803.3173501606
2011-10-05,988969.844347063
2011-10-06,1010081.1147533302
2011-10-07,1001526.8716240082
2011-10-10,1032686.3342988377
2011-10-11,1033263.9259180584
2011-10-12,1041032.4665190048
2011-10-13,1037139.9354959793
2011-10-14,1053055.2038239231
2011-10-17,1032433.0844699993
2011-10-18,1000000.0
2011-10-19,999161.4633230212
2011-10-20,999767.1406944278
2011-10-21,1009439.185107613
2011-10-24,1015107.5314321523
2011-10-25,1002123.5031500822
2011-10-26,1013034.030816651
2011-10-27,1043897.8027132994
2011-10-28,1044182.2804746634
2011-10-31,1018235.0850804411
2011-11-01,988188.146107968
2011-11-02,1003287.797467526
2011-11-03,1020464.6141331755
2011-11-04,1014430.6029255949
2011-11-07,1022640.3781827055
2011-11-08,1032759.8881390654
2011-11-09,995552.8522961698
2011-11-10,1002671.8255475126
2011-11-11,1024869.8048070036
2011-11-14,1019015.3620236479
2011-11-15,1000000.0
2011-11-16,997426.116633511
2011-11-17,994067.2141674046
2011-11-18,992990.8663939481
2011-11-21,984279.4136802678
2011-11-22,981379.2488299374
2011-11-23,967662.13680687
2011-11-25,966222.0882143979
2011-11-28,992729.4174707418
2011-11-29,991099.6056609158
2011-11-30,1040521.0537587343
2011-12-01,1038032.0684752355
2011-12-02,1043763.6238953271
2011-12-05,1052476.8558048273
2011-12-06,1055811.8133538996
2011-12-07,1063093.5158679795
2011-12-08,1043898.2538795839
2011-12-09,1061816.2480088526
2011-12-12,1045779.3305177274
2011-12-13,1037764.6776644712
2011-12-14,1000000.0
2011-12-15,1000188.7277777671
2011-12-16,1000186.868812084
2011-12-19,996767.9395207404
2011-12-20,1011073.9181764603
2011-12-21,1011083.3912296295
2011-12-22,1016153.8750737191
2011-12-23,1023084.3012701989
2011-12-27,1022909.1529610693
2011-12-28,1010690.7527054559
2011-12-29,1022905.918965643
2011-12-30,1015849.4973924237
2012-01-03,1032269.4205024787
2012-01-04,1032961.9874703094
2012-01-05,1035493.884122367
2012-01-06,1034571.4405440628
2012-01-09,1035259.6934788009
2012-01-10,1046123.2031147262
2012-01-11,1048206.6008450595
2012-01-12,1054424.0090846855
2012-01-13,1000000.0
2012-01-17,1000468.3209205628
2012-01-18,1003949.3254044533
2012-01-19,1006219.1632771494
2012-01-20,1009751.7428499225
2012-01-23,1007893.5094774249
2012-01-24,1005988.6640930178
2012-01-25,1013079.5093486789
2012-01-26,1010307.489320183
2012-01-27,1008620.5589498522
2012-01-30,1006135.9295095446
2012-01-31,1007039.9939741137
2012-02-01,1016380.0729955676
2012-02-02,1015980.952664757
2012-02-03,1030589.1164030078
2012-02-06,1028982.7938283923
2012-02-07,1031222.651883507
2012-02-08,1030567.4578870776
2012-02-09,1031270.7863058093
2012-02-10,1025958.1823553088
2012-02-13,1000000.0
2012-02-14,999861.9038871765
2012-02-15,997989.0316360474
2012-02-16,1001838.9674673079
2012-02-17,1003011.2949113846
2012-02-21,1003817.5469360352
2012-02-22,1001781.6150688172
2012-02-23,1008838.7864303284
2012-02-24,1012742.5100069237
2012-02-27,1013325.7356954346
2012-02-28,1016283.7942117825
2012-02-29,1011505.1278994656
2012-03-01,1017706.0216509495
2012-03-02,1016335.899549595
2012-03-05,1012519.8427510338
2012-03-06,994363.1315797501
2012-03-07,1002936.9645169831
2012-03-08,1010776.3368067818
2012-03-09,1013074.2387915383
2012-03-12,1013071.9155385362
2012-03-13,1000000.0
2012-03-14,999694.8347864152
2012-03-15,1000362.4798017504
2012-03-16,999385.7552312852
2012-03-19,1000260.5041803363
2012-03-20,1000020.7512229924
2012-03-21,998982.1254299168
2012-03-22,996044.1563211444
2012-03-23,997392.2691633229
2012-03-26,1006502.0291608814
2012-03-27,1003392.1001026159
2012-03-28,1002759.3242082602
2012-03-29,1003405.9198871618
2012-03-30,1008051.6203622824
2012-04-02,1012206.2126173254
2012-04-03,1009390.4874148509
2012-04-04,998354.4346941363
2012-04-05,999815.635628861
2012-04-09,991993.5638037726
2012-04-10,976937.889830773
2012-04-11,1000000.0
2012-04-12,1001178.9275926589
2012-04-13,998775.69961071
2012-04-16,998920.1499320983
2012-04-17,1005462.482847786
2012-04-18,1000205.7337854386
2012-04-19,998074.8905141832
2012-04-20,1002387.70834198
2012-04-23,997417.9676425934
2012-04-24,999451.3936157228
2012-04-25,1015026.3069116822
2012-04-26,1023923.6434366456
2012-04-27,1024458.7088205568
2012-04-30,1019915.3506943703
2012-05-01,1026221.930764866
2012-05-02,1025583.4608361245
2012-05-03,1020192.4320351601
2012-05-04,1005534.9626290322
2012-05-07,1004641.0808329468
2012-05-08,998845.9652912332
2012-05-09,1000000.0
2012-05-10,999612.7419008254
2012-05-11,998010.6514547347
2012-05-14,994292.0723033904
2012-05-15,992559.3209012984
2012-05-16,990733.3532993315
2012-05-17,980044.530565643
2012-05-18,974253.7475896833
2012-05-21,987476.1970495221
2012-05-22,989183.1300731065
2012-05-23,988883.6421763055
2012-05-24,989129.5387838265
2012-05-25,983110.1746470849
2012-05-29,990519.8253620355
2012-05-30,976432.0627211396
2012-05-31,975700.8787006509
2012-06-01,948462.3473142545
2012-06-04,946833.8946732786
2012-06-05,952933.1433171498
2012-06-06,975124.3678217808
2012-06-07,1000000.0
2012-06-08,1000447.1343448637
2012-06-11,997616.8252832411
2012-06-12,1001559.1357397079
2012-06-13,997910.830093193
2012-06-14,1005198.6217609404
2012-06-15,1012941.1928453445
2012-06-18,1010960.5373643875
2012-06-19,1018691.0249486923
2012-06-20,1016591.6313732148
2012-06-21,993714.2849295196
2012-06-22,1000772.5397340985
2012-06-25,987307.615837349
2012-06-26,990531.5542702675
2012-06-27,999350.2990024834
2012-06-28,995494.5964483948
2012-06-29,1016766.7125713443
2012-07-02,1017119.6526786899
2012-07-03,1021121.4668876743
2012-07-05,1017955.5799431553
2012-07-06,1000000.0
2012-07-09,999565.1296520233
2012-07-10,998233.0063640592
2012-07-11,997034.4509149549
2012-07-12,995152.3165409088
2012-07-13,1005970.5753177642
2012-07-16,1004100.2477312088
2012-07-17,1007569.2478899001
2012-07-18,1015817.163417488
2012-07-19,1019111.8784114876
2012-07-20,1008955.7235838203
2012-07-23,998081.7367797927
2012-07-24,989256.1680975418
2012-07-25,993126.7389477615
2012-07-26,1009468.1197066783
2012-07-27,1027457.5612556171
2012-07-30,1024501.0458272037
2012-07-31,1016736.7577888354
2012-08-01,1012549.4179663839
2012-08-02,1004397.178580779
2012-08-03,1000000.0
2012-08-06,1000279.1694959638
2012-08-07,1001875.9277376173
2012-08-08,1001567.7347488401
2012-08-09,1002039.4788997647
2012-08-10,1003959.6273002622
2012-08-13,1003560.8014762877
2012-08-14,1004037.2956432342
2012-08-15,1004030.001738592
2012-08-16,1011998.6303117122
2012-08-17,1015082.1072711314
2012-08-20,1016866.2791980399
2012-08-21,1013553.0706977652
2012-08-22,1012613.4529570636
2012-08-23,1003340.7189300403
2012-08-24,1010308.0585795306
2012-08-27,1010553.179106798
2012-08-28,1005538.5794878635
2012-08-29,1007094.8214383104
2012-08-30,998112.9904514484
2012-08-31,1000000.0
2012-09-04,999410.0887943268
2012-09-05,1000198.7495264054
2012-09-06,1008396.0031427382
2012-09-07,1011106.4759649276
2012-09-10,1007116.252514076
2012-09-11,1012141.9383460996
2012-09-12,1014849.7102329251
2012-09-13,1029792.9108144757
2012-09-14,1033067.469810066
2012-09-17,1030887.9588797434
2012-09-18,1032080.3110702226
2012-09-19,1032318.7433615281
2012-09-20,1031091.2165418299
2012-09-21,1029819.1089713685
2012-09-24,1029618.4170736482
2012-09-25,1021384.9071668794
2012-09-26,1017225.2771951368
2012-09-27,1025228.6984655015
2012-09-28,1020707.2457352846
2012-10-01,1000000.0
2012-10-02,999744.1736619949
2012-10-03,1000730.9375370025
2012-10-04,1002953.0305902482
2012-10-05,1003591.9690715789
2012-10-08,1001413.5576351164
2012-10-09,996937.244353485
2012-10-10,989382.6529003143
2012-10-11,991286.5620184994
2012-10-12,990862.3049899196
2012-10-15,1003287.3161803341
2012-10-16,1011079.9400168514
2012-10-17,1008372.8250170803
2012-10-18,1004258.4698592281
2012-10-19,989920.9359009456
2012-10-22,989760.7965630245
2012-10-23,974730.2603138637
2012-10-24,973887.7132328701
2012-10-25,974757.1426209164
2012-10-26,973526.8742340755
2012-10-31,1000000.0
2012-11-01,1001480.7793403626
2012-11-02,998645.0701475147
2012-11-05,999099.6004730229
2012-11-06,1005038.1882671363
2012-11-07,986893.6509166725
2012-11-08,978172.6979066858
2012-11-09,977919.3784139642
2012-11-12,978696.7529763421
2012-11-13,975834.0474480828
2012-11-14,960511.2361420831
2012-11-15,959797.4889115533
2012-11-16,964998.1579827508
2012-11-19,981651.5839165887
2012-11-20,983192.1413756646
2012-11-21,988759.4233735437
2012-11-23,1002330.6631502351
2012-11-26,999627.1700761765
2012-11-27,991783.4740896119
2012-11-28,998031.0272175435
2012-11-29,1000000.0
2012-11-30,999837.8986719133
2012-12-03,998951.1680511475
2012-12-04,997229.372445488
2012-12-05,1000306.8072349548
2012-12-06,1001130.1735633849
2012-12-07,1003272.435987854
2012-12-10,1005539.4427648544
2012-12-11,1011257.8394823074
2012-12-12,1011701.571386013
2012-12-13,1007289.6848993034
2012-12-14,1004985.1736695899
2012-12-17,1017310.6412681503
2012-12-18,1028170.6165366306
2012-12-19,1020042.9589649276
2012-12-20,1027651.7763268432
2012-12-21,1018318.432379694
2012-12-24,1015066.0775151005
2012-12-26,1010188.0551144886
2012-12-27,1007436.6695229816
2012-12-28,1000000.0
2012-12-31,1001247.7048503875
2013-01-02,1006081.1047164911
2013-01-03,1004516.4829042429
2013-01-04,1005167.323287582
2013-01-07,1002305.082046127
2013-01-08,1000646.147388458
2013-01-09,1004585.8934877395
2013-01-10,1008279.7360090255
2013-01-11,1009287.9437846069
2013-01-14,1009777.1373882579
2013-01-15,1010853.576886446
2013-01-16,1006615.4259806194
2013-01-17,1012676.0286486454
2013-01-18,1011400.7510453662
2013-01-22,1018334.1901138439
2013-01-23,1023778.2250843296
2013-01-24,1025723.9017344989
2013-01-25,1032899.0338492526
2013-01-28,1034014.7232344456
2013-01-29,1000000.0
2013-01-30,999499.6070934297
2013-01-31,999069.9425090791
2013-02-01,1003556.8288677216
2013-02-04,997942.9073440551
2013-02-05,1003885.1311242103
2013-02-06,1004026.7215334891
2013-02-07,1000971.2843459127
2013-02-08,1005897.5863053701
2013-02-11,1003473.8979508779
2013-02-12,1007176.7880799673
2013-02-13,1005474.2327668569
2013-02-14,1007205.966737499
2013-02-15,1006036.6076447866
2013-02-19,1010836.8059327505
2013-02-20,1001227.1124055288
2013-02-21,995870.7296922109
2013-02-22,1007107.1015717885
2013-02-25,990452.9198052785
2013-02-26,997376.3675858877
2013-02-27,1000000.0
2013-02-28,999627.7322769164
2013-03-01,1000997.3021806716
2013-03-04,1002154.0205463407
2013-03-05,1005269.0009084698
2013-03-06,1006760.2512235639
2013-03-07,1009347.246650314
2013-03-08,1011133.2819536207
2013-03-11,1012423.5292581555
2013-03-12,1010030.3291555402
2013-03-13,1011043.6197820661
2013-03-14,1014198.2921384237
2013-03-15,1012829.1283035552
2013-03-18,1005235.0575826041
2013-03-19,1003971.6591309039
2013-03-20,1010804.3110761935
2013-03-21,1002846.82311855
2013-03-22,1010401.8885544669
2013-03-25,1007574.7882279288
2013-03-26,1015711.5306366812
2013-03-27,1000000.0
2013-03-28,1000720.8259952543
2013-04-01,999965.4981618881
2013-04-02,1004712.5406295777
2013-04-03,998348.1102525711
2013-04-04,1000435.379863739
2013-04-05,998072.7796798706
2013-04-08,1002683.5015392302
2013-04-09,1005283.3566521605
2013-04-10,1018531.6661537495
2013-04-11,1021629.3121451281
2013-04-12,1025871.1885796527
2013-04-15,1007858.8042588863
2013-04-16,1016437.9533591212
2013-04-17,1005363.5058987674
2013-04-18,995570.1884826907
2013-04-19,993667.7252646274
2013-04-22,992701.4533419666
2013-04-23,1004104.8808942356
2013-04-24,1001548.9455444088
2013-04-25,1000000.0
2013-04-26,999964.9892377852
2013-04-29,1001671.9384452817
2013-04-30,1001592.0471778867
2013-05-01,996964.5990942
2013-05-02,1005475.3774784086
2013-05-03,1014342.0668834684
2013-05-06,1012389.178998554
2013-05-07,1015150.5636377637
2013-05-08,1017300.3364437692
2013-05-09,1017000.1435966432
2013-05-10,1021511.0443050935
2013-05-13,1021145.2275149706
2013-05-14,1032615.6495283582
2013-05-15,1037964.1644233015
2013-05-16,1035049.6859946364
2013-05-17,1046872.5748039549
2013-05-20,1045550.687906555
2013-05-21,1048282.6276034449
2013-05-22,1042182.966118717
2013-05-23,1000000.0
2013-05-24,1000127.860912514
2013-05-28,1002392.5829923631
2013-05-29,999034.70649786
2013-05-30,1002099.1830155374
2013-05-31,988172.023824978
2013-06-03,994479.4382032129
2013-06-04,984290.3137560369
2013-06-05,969650.107416052
2013-06-06,977135.9013564016
2013-06-07,994113.0647701399
2013-06-10,993462.2338496686
2013-06-11,984741.9505927259
2013-06-12,975355.4115628378
2013-06-13,988040.131585045
2013-06-14,980131.1898568423
2013-06-17,989634.8821889422
2013-06-18,1000455.3798290332
2013-06-19,985110.8240116655
2013-06-20,958702.5855659487
2013-06-21,1000000.0
2013-06-24,998025.024028587
2013-06-25,999968.3265340801
2013-06-26,1004645.3921041484
2013-06-27,1009649.839070892
2013-06-28,1003199.209547424
2013-07-01,1006625.8213159558
2013-07-02,1001000.0390972134
2013-07-03,1004996.7753337857
2013-07-05,1016453.7337001797
2013-07-08,1021578.6981929776
2013-07-09,1025757.3679775235
2013-07-10,1027738.1671566006
2013-07-11,1039723.8014339444
2013-07-12,1042413.2058902928
2013-07-15,1046119.5222612568
2013-07-16,1041138.2671199986
2013-07-17,1042179.1452537724
2013-07-18,1051120.5923031613
2013-07-19,1050931.1960095211
2013-07-22,1000000.0
2013-07-23,999382.1946382523
2013-07-24,998931.3921450616
2013-07-25,1001310.3812314038
2013-07-26,1000522.7941467289
2013-07-29,996832.1443573001
2013-07-30,998250.0343271258
2013-07-31,994347.757364342
2013-08-01,1004834.5487713816
2013-08-02,1007020.0764314921
2013-08-05,1005697.3577752193
2013-08-06,997186.4791646368
2013-08-07,992574.7110380098
2013-08-08,992173.538023331
2013-08-09,986963.7675835555
2013-08-12,984896.7813066924
2013-08-13,990234.9606801437
2013-08-14,982754.3773003925
2013-08-15,964645.6381690752
2013-08-16,965115.1192258819
2013-08-19,1000000.0
2013-08-20,1000024.537731743
2013-08-21,998116.7054269791
2013-08-22,1001391.1535764694
2013-08-23,1001610.3729618072
2013-08-26,1003422.8944005966
2013-08-27,988299.8059041976
2013-08-28,988981.4137208938
2013-08-29,992704.589228012
2013-08-30,993178.9784596595
2013-09-03,998973.0656286849
2013-09-04,1003949.2793568687
2013-09-05,1004378.2470172996
2013-09-06,1002341.1101539001
2013-09-09,1012316.0670402831
2013-09-10,1024460.0878760451
2013-09-11,1030640.4959419136
2013-09-12,1030612.0194153327
2013-09-13,1035904.1720032233
2013-09-16,1046996.0404724616
2013-09-17,1000000.0
2013-09-18,1001449.71715641
2013-09-19,1000732.5945892332
2013-09-20,996508.8572885512
2013-09-23,994973.5462446212
2013-09-24,992715.3708492278
2013-09-25,989834.5990379333
2013-09-26,993402.1334989547
2013-09-27,987409.974334587
2013-09-30,978851.5522042197
2013-10-01,984565.7292104606
2013-10-02,981325.7680858497
2013-10-03,970455.9790369339
2013-10-04,976527.4721868037
2013-10-07,966682.6632245998
2013-10-08,956350.3168257598
2013-10-09,953949.7027558594
2013-10-10,975964.6990708045
2013-10-11,981280.7396439246
2013-10-14,987244.468998783
2013-10-15,1000000.0
2013-10-16,1002405.1813106539
2013-10-17,1001018.9630306247
2013-10-18,999528.9267421727
2013-10-21,998199.6437530522
2013-10-22,1003651.5579433446
2013-10-23,1003081.0176870809
2013-10-24,1009491.0046068921
2013-10-25,1013867.0421312605
2013-10-28,1014394.325451821
2013-10-29,1022014.9161044852
2013-10-30,1018395.828209027
2013-10-31,1013864.7476897398
2013-11-01,1019192.9937528273
2013-11-04,1020949.6342023512
2013-11-05,1021640.2394822584
2013-11-06,1030040.0409202391
2013-11-07,1020163.3610707136
2013-11-08,1028966.322141728
2013-11-11,1029186.2542160307
2013-11-12,1000000.0
2013-11-13,1000965.9141708374
2013-11-14,1001853.1509510041
2013-11-15,1003826.4565038682
2013-11-18,1004668.7558557511
2013-11-19,1003285.4549474716
2013-11-20,999418.7328613282
2013-11-21,1004918.9567118455
2013-11-22,1009292.8073449155
2013-11-25,1008744.6242233716
2013-11-26,1008122.9217919675
2013-11-27,1008666.5477068998
2013-11-29,1009149.3213704206
2013-12-02,1006472.1199146176
2013-12-03,999313.7620696736
2013-12-04,998839.8881719018
2013-12-05,993211.220603695
2013-12-06,1005657.0207288171
2013-12-09,1004600.3187361852
2013-12-10,1004293.9085971013
2013-12-11,1000000.0
2013-12-12,998796.5545135499
2013-12-13,998575.2464246751
2013-12-16,1002646.0853721619
2013-12-17,1000928.7817741396
2013-12-18,1016374.8859672549
2013-12-19,1017835.295298241
2013-12-20,1023373.6062228931
2013-12-23,1027043.5619264453
2013-12-24,1028737.593365208
2013-12-26,1036649.2247025035
2013-12-27,1036515.2239773372
2013-12-30,1038246.6813908599
2013-12-31,1040590.0028078731
2014-01-02,1036528.8219559672
2014-01-03,1036771.5956051829
2014-01-06,1033218.1096032145
2014-01-07,1041004.2502968791
2014-01-08,1037602.884093571
2014-01-09,1040418.8428471568
2014-01-10,1000000.0
2014-01-13,998222.3870197296
2014-01-14,999773.3428174971
2014-01-15,1002977.8749940868
2014-01-16,999713.0542041775
2014-01-17,1001104.2687126156
2014-01-21,999725.4141162869
2014-01-22,1005068.4424039838
2014-01-23,993099.7403466795
2014-01-24,973408.9401634404
2014-01-27,966056.828146015
2014-01-28,975126.7542356603
2014-01-29,959468.445881397
2014-01-30,969255.9069490907
2014-01-31,961682.972707216
2014-02-03,940730.7148927781
2014-02-04,946340.9191206835
2014-02-05,946332.0256741197
2014-02-06,956452.7632241342
2014-02-07,963986.5468850229
2014-02-10,1000000.0
2014-02-11,1001824.187028122
2014-02-12,1000814.7240009307
2014-02-13,1003876.7004165649
2014-02-14,1008469.6861877441
2014-02-18,1008957.9636901857
2014-02-19,1001548.6400381166
2014-02-20,1006225.4849871179
2014-02-21,1005347.2889969808
2014-02-24,1012768.7553753034
2014-02-25,1010897.0423604986
2014-02-26,1010590.0095569936
2014-02-27,1017376.3327719099
2014-02-28,1017440.9011598722
2014-03-03,1009209.4682027055
2014-03-04,1023873.7591453096
2014-03-05,1021780.3626431676
2014-03-06,1022629.2393608553
2014-03-07,1017837.022172249
2014-03-10,1017099.8182273523
2014-03-11,1000000.0
2014-03-12,1000059.684502983
2014-03-13,996554.8646642684
2014-03-14,995492.9901000976
2014-03-17,999892.5128128052
2014-03-18,1004594.3224782945
2014-03-19,999514.9226600648
2014-03-20,1005096.1984237671
2014-03-21,998381.2970445633
2014-03-24,998386.2262086488
2014-03-25,999770.2771068955
2014-03-26,994158.889749794
2014-03-27,995454.2596265641
2014-03-28,998609.5589078027
2014-03-31,1009861.1102610894
2014-04-01,1017828.4888812581
2014-04-02,1017745.8344759236
2014-04-03,1014415.6685055027
2014-04-04,1001647.5785257702
2014-04-07,993675.264377821
2014-04-08,1000000.0
2014-04-09,1002107.5268278125
2014-04-10,995139.8951950078
2014-04-11,989514.2432783131
2014-04-14,995300.6825658802
2014-04-15,999971.6695880895
2014-04-16,1009401.6654799199
2014-04-17,1007550.6511003118
2014-04-21,1009142.0397615896
2014-04-22,1015638.1793991857
2014-04-23,1011702.6745456853
2014-04-24,1013829.4741410947
2014-04-25,1003659.4170038038
2014-04-28,1001861.0530435377
2014-04-29,1008416.6707422071
2014-04-30,1010727.1602670484
2014-05-01,1010837.2197839551
2014-05-02,1011146.7167398267
2014-05-05,1011461.513233357
2014-05-06,1002050.3022805982
2014-05-07,1000000.0
2014-05-08,999827.4957540511
2014-05-09,1000578.280354881
2014-05-12,1004098.2051097867
2014-05-13,1004047.8072834013
2014-05-14,1001049.7395120618
2014-05-15,992040.7523965833
2014-05-16,994713.6570063436
2014-05-19,997090.2280779683
2014-05-20,992471.1624346578
2014-05-21,1000100.3517542684
2014-05-22,1004364.6521845663
2014-05-23,1006937.4149332845
2014-05-27,1014204.6430598104
2014-05-28,1011107.0344057882
2014-05-29,1015712.7479830587
2014-05-30,1015537.9751559102
2014-06-02,1016687.3656283224
2014-06-03,1015914.536677387
2014-06-04,1018904.2237043645
2014-06-05,1000000.0
2014-06-06,1000084.8541894911
2014-06-09,999719.3561325074
2014-06-10,1000095.5665803911
2014-06-11,997270.0378042223
2014-06-12,993137.116186142
2014-06-13,994247.3964319229
2014-06-16,995004.7404953004
2014-06-17,998763.3654258728
2014-06-18,1002905.8499677659
2014-06-19,1005272.1859921189
2014-06-20,1005598.2158935586
2014-06-23,1004588.5663221474
2014-06-24,999237.710391285
2014-06-25,1001303.8192902947
2014-06-26,999653.6895856247
2014-06-27,1002617.264414444
2014-06-30,1001566.1061897088
2014-07-01,1010890.9447958833
2014-07-02,1010570.0073578607
2014-07-03,1000000.0
2014-07-07,999159.2624563216
2014-07-08,997299.489130974
2014-07-09,999112.4251882557
2014-07-10,996662.218031693
2014-07-11,997430.0906276708
2014-07-14,1000410.7812526708
2014-07-15,998039.3806119924
2014-07-16,998222.7138235098
2014-07-17,989878.6184389463
2014-07-18,998207.9040482679
2014-07-21,996776.7351944566
2014-07-22,998086.1239775607
2014-07-23,997058.4303560663
2014-07-24,998199.8027259584
2014-07-25,992195.5426535403
2014-07-28,991159.1846276461
2014-07-29,987232.3251575304
2014-07-30,991359.4698795152
2014-07-31,973616.3376543109
2014-08-01,1000000.0
2014-08-04,1000914.9544818879
2014-08-05,998348.0315019609
2014-08-06,998472.4080287935
2014-08-07,995556.3342597964
2014-08-08,1004917.3079854967
2014-08-11,1005955.3786350252
2014-08-12,1003630.4326133844
2014-08-13,1009119.5542926905
2014-08-14,1015711.5323009607
2014-08-15,1013141.1722850916
2014-08-18,1022664.8470217402
2014-08-19,1028731.38013435
2014-08-20,1031675.9676593363
2014-08-21,1036455.9685095331
2014-08-22,1037585.7670439264
2014-08-25,1042868.7110417235
2014-08-26,1045477.253148657
2014-08-27,1047179.6460668013
2014-08-28,1044953.7315263198
2014-08-29,1000000.0
2014-09-02,999272.3829124449
2014-09-03,999056.1566253661
2014-09-04,998387.6291740414
2014-09-05,1000393.4934131621
2014-09-08,1000588.7393249508
2014-09-09,994265.4562063215
2014-09-10,997626.6719097135
2014-09-11,997298.7653379438
2014-09-12,991163.8100192487
2014-09-15,991926.7066481817
2014-09-16,998224.4455791109
2014-09-17,1000735.6286302984
2014-09-18,1007126.7115797956
2014-09-19,1010881.5220606345
2014-09-22,1003687.4668798788
2014-09-23,996235.6824880865
2014-09-24,1008204.3211181944
2014-09-25,992126.2928627356
2014-09-26,1000970.1206637227
2014-09-29,1000000.0
2014-09-30,999517.845764923
2014-10-01,996512.7263628006
2014-10-02,995528.6388093946
2014-10-03,1002184.919429588
2014-10-06,999976.1761726375
2014-10-07,990483.8646800991
2014-10-08,1004652.6956295009
2014-10-09,990275.5604463572
2014-10-10,984542.0673320461
2014-10-13,967760.1022975612
2014-10-14,966905.435213821
2014-10-15,951672.4955852199
2014-10-16,952752.0593593288
2014-10-17,973102.6778667141
2014-10-20,985020.9052455593
2014-10-21,1005843.1038997341
2014-10-22,995278.4824702907
2014-10-23,1006841.000170486
2014-10-24,1015498.8145778347
2014-10-27,1000000.0
2014-10-28,1002174.1598331452
2014-10-29,1001908.6829601286
2014-10-30,1006113.3541891098
2014-10-31,1011688.3358879089
2014-11-03,1011486.3001897811
2014-11-04,1011650.3764320372
2014-11-05,1011690.5610168456
2014-11-06,1018193.1293104247
2014-11-07,1017187.5490363616
2014-11-10,1022606.5291200046
2014-11-11,1022649.6429843826
2014-11-12,1021136.1183854293
2014-11-13,1022978.0238766364
2014-11-14,1019469.9343572578
2014-11-17,1021040.3651009196
2014-11-18,1024444.1962263755
2014-11-19,1024196.4259480837
2014-11-20,1025602.5836580066
2014-11-21,1028519.0488240795
2014-11-24,1000000.0
2014-11-25,999864.2619703293
2014-11-26,1000615.1361566545
2014-11-28,1002651.0904970171
2014-12-01,1001157.5590230945
2014-12-02,1004417.9438663486
2014-12-03,1004974.6840599063
2014-12-04,1003228.5886625292
2014-12-05,1007661.779162659
2014-12-08,1002191.7724187929
2014-12-09,998326.475156151
2014-12-10,981648.4045683673
2014-12-11,986114.6057087347
2014-12-12,974998.4841274035
2014-12-15,968835.3409923327
2014-12-16,959595.8026508105
2014-12-17,979410.8955942042
2014-12-18,1001180.3896944029
2014-12-19,1003901.7488032706
2014-12-22,1008245.3931837714
2014-12-23,1000000.0
2014-12-24,1000201.1192180633
2014-12-26,1001063.6769630429
2014-12-29,1001224.521059227
2014-12-30,998131.4452621458
2014-12-31,990522.9225522995
2015-01-02,989112.6642524719
2015-01-05,973453.641787487
2015-01-06,963681.289109188
2015-01-07,979163.234030487
2015-01-08,995866.1463505554
2015-01-09,986194.7884904804
2015-01-12,981267.5943395557
2015-01-13,981369.8342916431
2015-01-14,971016.102028078
2015-01-15,962950.3537485065
2015-01-16,976113.092376894
2015-01-20,974361.6444475116
2015-01-21,977181.8022787037
2015-01-22,996402.9018613758
2015-01-23,1000000.0
2015-01-26,999957.3422533034
2015-01-27,994442.619343376
2015-01-28,989776.0679286956
2015-01-29,1001417.9067436217
2015-01-30,984098.8910682676
2015-02-02,993929.915777397
2015-02-03,1007401.3942181777
2015-02-04,1010190.7065029239
2015-02-05,1020378.9039793109
2015-02-06,1016821.9889517459
2015-02-09,1009710.4270809421
2015-02-10,1019536.4537848834
2015-02-11,1020187.900215187
2015-02-12,1030633.6818372001
2015-02-13,1035027.9896262244
2015-02-17,1034065.9306502684
2015-02-18,1036211.550149475
2015-02-19,1032989.0305457457
2015-02-20,1042903.4759497985
2015-02-23,1000000.0
2015-02-24,1000608.5901498795
2015-02-25,1000514.6370546342
2015-02-26,1002453.9229690554
2015-02-27,998605.9122079851
2015-03-02,1006268.2832605363
2015-03-03,1002603.7839675447
2015-03-04,996805.3305834656
2015-03-05,1000024.6593481675
2015-03-06,983045.9902290574
2015-03-09,992135.7748256074
2015-03-10,972618.0862251931
2015-03-11,970449.882860428
2015-03-12,986602.0856344758
2015-03-13,980468.9735930024
2015-03-16,999713.3406971169
2015-03-17,995534.91521587
2015-03-18,1007031.9929419595
2015-03-19,1003832.7715712625
2015-03-20,1012621.9279242593
2015-03-23,1000000.0
2015-03-24,999165.3422054291
2015-03-25,992351.8815080641
2015-03-26,990770.5125688552
2015-03-27,993857.7426734924
2015-03-30,1005044.2644001007
2015-03-31,992262.6119308472
2015-04-01,988153.7773681526
2015-04-02,989198.5443020058
2015-04-06,993626.0800880089
2015-04-07,995431.7337455654
2015-04-08,1001394.4074311734
2015-04-09,1003937.6571260319
2015-04-10,1009045.7422251797
2015-04-13,1006067.7699052448
2015-04-14,1008598.3596029568
2015-04-15,1012194.9351373558
2015-04-16,1015059.73975951
2015-04-17,997753.7784097272
2015-04-20,1007842.5707852917
2015-04-21,1000000.0
2015-04-22,1000826.0539848328
2015-04-23,1001133.9376855852
2015-04-24,1001208.4551561356
2015-04-27,994898.5592826845
2015-04-28,998112.3728082658
2015-04-29,997367.2721556856
2015-04-30,985286.8955130082
2015-05-01,995842.8773047163
2015-05-04,998422.9806256944
2015-05-05,991507.1156039849
2015-05-06,988311.8813892022
2015-05-07,992581.5718514043
2015-05-08,1007125.842956997
2015-05-11,1002903.3058225632
2015-05-12,1001276.1021438371
2015-05-13,1002521.2507342607
2015-05-14,1013414.6303619862
2015-05-15,1014919.6708489496
2015-05-18,1017733.7998600961
2015-05-19,1000000.0
2015-05-20,999405.6330825805
2015-05-21,999516.6459852218
2015-05-22,997984.5366439819
2015-05-26,987349.9290784836
2015-05-27,994528.2675135918
2015-05-28,990149.8848765679
2015-05-29,983103.7079051323
2015-06-01,985691.0907691307
2015-06-02,984417.8099978752
2015-06-03,989002.258482296
2015-06-04,980561.5217917748
2015-06-05,979570.6308520623
2015-06-08,973724.0706981011
2015-06-09,973110.6995484123
2015-06-10,986969.5485692788
2015-06-11,989485.5516782571
2015-06-12,981854.671764927
2015-06-15,977931.9194036294
2015-06-16,983542.6812253762
2015-06-17,1000000.0
2015-06-18,1002127.1913812634
2015-06-19,1000160.6094915387
2015-06-22,1003638.1630819319
2015-06-23,1004846.7706462857
2015-06-24,994332.3932859418
2015-06-25,990574.3888512036
2015-06-26,992475.9863745038
2015-06-29,969662.7772986867
2015-06-30,971992.2734000661
2015-07-01,980212.539681194
2015-07-02,977492.865015907
2015-07-06,974814.1994824692
2015-07-07,980959.8691305711
2015-07-08,966478.1858160417
2015-07-09,969545.4841686417
2015-07-10,981275.5198665787
2015-07-13,992145.5623347299
2015-07-14,1000599.0066158501
2015-07-15,1000479.9909998376
2015-07-16,1000000.0
2015-07-17,999858.085830307
2015-07-20,999953.9924491881
2015-07-21,995442.6054374696
2015-07-22,994576.8672853471
2015-07-23,988961.2759672166
2015-07-24,980071.7378521883
2015-07-27,975911.7414777089
2015-07-28,989435.089523058
2015-07-29,995436.7604806233
2015-07-30,995058.0110446569
2015-07-31,995794.8793362257
2015-08-03,992774.6618793928
2015-08-04,991700.8064635831
2015-08-05,996469.838458933
2015-08-06,985765.6125296728
2015-08-07,989857.2050723211
2015-08-10,999509.41170875
2015-08-11,990568.8964003698
2015-08-12,989813.7773226873
2015-08-13,1000000.0
2015-08-14,1000359.3606307984
2015-08-17,1002081.8753679275
2015-08-18,1000942.7835889815
2015-08-19,996682.687641716
2015-08-20,976155.6151361465
2015-08-21,948339.9573474884
2015-08-24,908714.6133358155
2015-08-25,898927.9761517257
2015-08-26,934973.8657445336
2015-08-27,954889.7233456994
2015-08-28,952799.8761166955
2015-08-31,943679.3890103722
2015-09-01,916462.4648045922
2015-09-02,935452.407889309
2015-09-03,935831.5552777672
2015-09-04,920649.9704961205
2015-09-08,948109.6512135888
2015-09-09,935152.5093454743
2015-09-10,940560.7875362015
2015-09-11,1000000.0
2015-09-14,998826.2803867339
2015-09-15,1003804.8615650176
2015-09-16,1007413.985900688
2015-09-17,1006212.8773490903
2015-09-18,990057.7976715086
2015-09-21,995504.7440912245
2015-09-22,984507.157390785
2015-09-23,981420.0808832167
2015-09-24,972001.8197977064
2015-09-25,976067.9002115248
2015-09-28,951613.5460092543
2015-09-29,955758.3777353285
2015-09-30,970999.758411598
2015-10-01,975444.867321205
2015-10-02,986537.1455881117
2015-10-05,1003815.5404092787
2015-10-06,1000501.7032975004
2015-10-07,1010631.2969749754
2015-10-08,1018451.0663789824
2015-10-09,1000000.0
2015-10-12,1001104.6916763306
2015-10-13,999822.0639825822
2015-10-14,994433.5460069658
2015-10-15,1002525.0669029239
2015-10-16,1006009.7258518223
2015-10-19,1009581.6635473255
2015-10-20,1007733.4659221653
2015-10-21,1005482.3790363469
2015-10-22,1025923.8165991883
2015-10-23,1037883.6553549885
2015-10-26,1043187.5813615479
2015-10-27,1046777.4150516305
2015-10-28,1052301.723159594
2015-10-29,1049478.95772893
2015-10-30,1041013.7873529535
2015-11-02,1049839.82867487
2015-11-03,1052504.0793958479
2015-11-04,1048618.8139234358
2015-11-05,1050330.5468812757
2015-11-06,1000000.0
2015-11-09,998032.8154283521
2015-11-10,998867.3365093231
2015-11-11,997717.718799019
2015-11-12,985353.87288723
2015-11-13,974929.0600673676
2015-11-16,987786.365447754
2015-11-17,991771.2350614015
2015-11-18,1006142.2943875734
2015-11-19,1006825.2597806398
2015-11-20,1012036.7023770753
2015-11-23,1011008.9354855958
2015-11-24,1009582.5324108315
2015-11-25,1010629.322890732
2015-11-27,1009942.3539668275
2015-11-30,1003789.0831061555
2015-12-01,1014983.6105471803
2015-12-02,1007329.6884947969
2015-12-03,991127.988461609
2015-12-04,1015776.9956520387
2015-12-07,1000000.0
2015-12-08,998502.4134313582
2015-12-09,994986.3808729169
2015-12-10,997832.6692358016
2015-12-11,983927.1830057143
2015-12-14,989935.5311716079
2015-12-15,1001743.4248615265
2015-12-16,1015876.4317203521
2015-12-17,1002435.3405490875
2015-12-18,978498.6412921905
2015-12-21,985866.5430866241
2015-12-22,994652.8588825226
2015-12-23,1003557.4462543487
2015-12-24,1002468.1887165069
2015-12-28,1002234.5498767853
2015-12-29,1014078.0423236847
2015-12-30,1008173.1056552887
2015-12-31,998060.5824924469
2016-01-04,979591.6620098114
2016-01-05,978784.6375041961
2016-01-06,1000000.0
2016-01-07,995110.3980976106
2016-01-08,990912.5012386326
2016-01-11,992604.3501550679
2016-01-12,999376.791160584
2016-01-13,975608.5060646061
2016-01-14,990073.1208211026
2016-01-15,968099.051511868
2016-01-19,971396.6494694791
2016-01-20,957139.0864354215
2016-01-21,962252.8051816068
2016-01-22,978367.3930150113
2016-01-25,965975.5842892957
2016-01-26,980312.44864638
2016-01-27,965271.2585007214
2016-01-28,969158.5481490827
2016-01-29,996218.8353217283
2016-02-01,995450.3361567731
2016-02-02,973803.3324453931
2016-02-03,978086.497732367
2016-02-04,1000000.0
2016-02-05,996416.3550987245
2016-02-08,990499.5442440034
2016-02-09,992351.0846961974
2016-02-10,990982.6956436157
2016-02-11,977261.7002092362
2016-02-12,995767.3838157654
2016-02-16,1011654.7830889664
2016-02-17,1030763.9775032692
2016-02-18,1021697.6551889611
2016-02-19,1020733.760413807
2016-02-22,1033430.0482232552
2016-02-23,1023666.105574955
2016-02-24,1024178.226373621
2016-02-25,1037885.4646585446
2016-02-26,1034593.5317316419
2016-02-29,1022281.1626057378
2016-03-01,1046992.5404102956
2016-03-02,1047875.0858578149
2016-03-03,1047796.6404328366
2016-03-04,1000000.0
2016-03-07,1000194.9010675428
2016-03-08,998753.789847183
2016-03-09,999595.6055259705
2016-03-10,998857.8026784898
2016-03-11,1009055.9863451004
2016-03-14,1009716.0289373399
2016-03-15,1010320.5717250825
2016-03-16,1015269.0736591646
2016-03-17,1020500.9044351617
2016-03-18,1027167.8335256616
2016-03-21,1026405.1642103235
2016-03-22,1027260.2446222345
2016-03-23,1023853.8873224298
2016-03-24,1024590.0610055963
2016-03-28,1025419.1391820947
2016-03-29,1030184.4824724237
2016-03-30,1037925.3313474695
2016-03-31,1037204.8054075281
2016-04-01,1046546.473534588
2016-04-04,1000000.0
2016-04-05,998139.9795516968
2016-04-06,1000905.9163986203
2016-04-07,994860.810694122
2016-04-08,995005.5665401455
2016-04-11,994718.6647632595
2016-04-12,1002802.4291456828
2016-04-13,1014695.332008804
2016-04-14,1015890.8611307483
2016-04-15,1014956.1195427547
2016-04-18,1022665.7468510815
2016-04-19,1024785.045402145
2016-04-20,1029556.3822704178
2016-04-21,1021961.988817165
2016-04-22,1022009.0098828846
2016-04-25,1020996.2418107563
2016-04-26,1018159.694266071
2016-04-27,1020116.9728820225
2016-04-28,1010008.6508204838
2016-04-29,1007649.7425105473
2016-05-02,1000000.0
2016-05-03,998048.5904045106
2016-05-04,995886.1588872913
2016-05-05,996729.9460884097
2016-05-06,999194.8217575077
2016-05-09,999690.4357301716
2016-05-10,1012730.8825242295
2016-05-11,998822.0307399487
2016-05-12,998756.2195526089
2016-05-13,989943.4063851895
2016-05-16,997967.2434015317
2016-05-17,985555.244842709
2016-05-18,988577.7374213814
2016-05-19,983147.7912391304
2016-05-20,987357.1058494248
2016-05-23,986318.5055419602
2016-05-24,1000122.5517455735
2016-05-25,1009450.370457808
2016-05-26,1008378.8989078202
2016-05-27,1011426.5263969102
2016-05-31,1000000.0
2016-06-01,999919.346830559
2016-06-02,1000555.1741823198
2016-06-03,998688.3334817889
2016-06-06,1002517.0832130434
2016-06-07,1000849.9346086504
2016-06-08,1003470.6009226458
2016-06-09,1000681.9073304159
2016-06-10,991822.1669281942
2016-06-13,983734.2669476492
2016-06-14,980630.6774510366
2016-06-15,979339.6881512625
2016-06-16,983297.0887879354
2016-06-17,978411.5341786367
2016-06-20,986419.8359154684
2016-06-21,986221.7344254476
2016-06-22,982832.9809998495
2016-06-23,996880.5213250143
2016-06-24,959788.0268067343
2016-06-27,943655.0752152426
2016-06-28,1000000.0
2016-06-29,1002486.1401565553
2016-06-30,1005935.2357948303
2016-07-01,1006846.7957113266
2016-07-05,1002857.7590677261
2016-07-06,1007651.2322877884
2016-07-07,1006630.1180453262
2016-07-08,1023806.8564520874
2016-07-11,1027157.1525705871
2016-07-12,1034767.7517121582
2016-07-13,1034879.2392797241
2016-07-14,1043195.6757421264
2016-07-15,1043615.2412099609
2016-07-18,1044128.4242696533
2016-07-19,1045674.9336131096
2016-07-20,1049087.7266511326
2016-07-21,1045177.626141489
2016-07-22,1049047.7898134175
2016-07-25,1045938.6687349263
2016-07-26,1041007.1542881413
2016-07-27,1000000.0
2016-07-28,999944.5464836119
2016-07-29,998937.9867404934
2016-08-01,999646.1736616131
2016-08-02,995961.6224880217
2016-08-03,998075.6092798233
2016-08-04,997364.5346810836
2016-08-05,1006492.563922449
2016-08-08,1004107.8994708499
2016-08-09,1004486.353023096
2016-08-10,1003060.7837653598
2016-08-11,1010391.9999709567
2016-08-12,1008571.1757369479
2016-08-15,1010425.6054130038
2016-08-16,1004994.6261191806
2016-08-17,1005742.1665435275
2016-08-18,1006691.5570941409
2016-08-19,1005071.7941241702
2016-08-22,1004774.0737567386
2016-08-23,1006267.9167952975
2016-08-24,1000000.0
2016-08-25,999936.4067991256
2016-08-26,999270.0426467895
2016-08-29,1002010.3551534652
2016-08-30,1000526.8854579923
2016-08-31,997796.15290184
2016-09-01,996687.4387970065
2016-09-02,999486.2683144244
2016-09-06,1001922.2638548145
2016-09-07,999617.766611019
2016-09-08,996121.3365768775
2016-09-09,975864.7902752208
2016-09-12,990938.8464639663
2016-09-13,975429.9253013267
2016-09-14,973324.0098518027
2016-09-15,983055.7362284812
2016-09-16,978983.2992873115
2016-09-19,978536.2154556083
2016-09-20,981690.3754751319
2016-09-21,989315.9067022437
2016-09-22,1000000.0
2016-09-23,998287.5497474672
2016-09-26,995077.2028833389
2016-09-27,997484.9981615066
2016-09-28,999763.3165655136
2016-09-29,990740.2623067856
2016-09-30,997951.7927794341
2016-10-03,993677.0561156158
2016-10-04,990154.5563063506
2016-10-05,990996.3323531036
2016-10-06,993120.0012825966
2016-10-07,987173.2076528739
2016-10-10,993135.7532081527
2016-10-11,979368.3125293846
2016-10-12,980637.3874318161
2016-10-13,978920.5980393448
2016-10-14,980551.731788353
2016-10-17,976458.5745271454
2016-10-18,977428.0666192779
2016-10-19,977312.3103353806
2016-10-20,1000000.0
2016-10-21,1000117.7421707154
2016-10-24,1001716.4098606108
2016-10-25,1000341.0110979078
2016-10-26,1003520.9887050627
2016-10-27,1002617.8711334227
2016-10-28,993459.6880548628
2016-10-31,991327.1409879092
2016-11-01,985763.9045434359
2016-11-02,980024.5626359347
2016-11-03,976317.8321919802
2016-11-04,973103.9320569399
2016-11-07,996584.0544190768
2016-11-08,999285.4571271304
2016-11-09,1014682.3524365786
2016-11-10,1030558.6524916475
2016-11-11,1035609.0644453142
2016-11-14,1040997.9976568392
2016-11-15,1042903.0869574755
2016-11-16,1037788.93934453
2016-11-17,1000000.0
2016-11-18,999561.6061361312
2016-11-21,999900.7043224334
2016-11-22,1001668.1568264007
2016-11-23,1003331.8614231109
2016-11-25,1004918.0024978637
2016-11-28,1000877.7956410103
2016-11-29,1004380.146940506
2016-11-30,1005310.5043601608
2016-12-01,1009248.3071500625
2016-12-02,1006733.8273766822
2016-12-05,1013599.5923381232
2016-12-06,1014884.1626859779
2016-12-07,1030800.8769820728
2016-12-08,1033374.371851305
2016-12-09,1038639.0007747211
2016-12-12,1038767.7507747211
2016-12-13,1046421.4076732197
2016-12-14,1041676.9841617146
2016-12-15,1045184.1928027668
2016-12-16,1000000.0
2016-12-19,999924.4931354522
2016-12-20,1001199.800476074
2016-12-21,1000704.8016059875
2016-12-22,999876.8404182433
2016-12-23,1000427.107980751
2016-12-27,1000452.3065594024
2016-12-28,994877.7225542984
2016-12-29,994759.1816292934
2016-12-30,991009.6554292736
2017-01-03,997467.7135397167
2017-01-04,1003402.1843322658
2017-01-05,1000820.3632457618
2017-01-06,1005509.8272693519
2017-01-09,1003038.6713855629
2017-01-10,1001564.898218708
2017-01-11,1005616.287819437
2017-01-12,1002711.0792823791
2017-01-13,1002906.2172036056
2017-01-17,1001627.7760163421
2017-01-18,1000000.0
2017-01-19,999117.157639694
2017-01-20,1000971.1675449369
2017-01-23,1000405.0599470136
2017-01-24,1005484.7311792371
2017-01-25,1014873.2175220486
2017-01-26,1017207.6748704374
2017-01-27,1017598.0295743233
2017-01-30,1011815.9152578828
2017-01-31,1008713.5899622819
2017-02-01,1009878.6118946683
2017-02-02,1011456.7779569852
2017-02-03,1029614.7177097242
2017-02-06,1025427.4700662992
2017-02-07,1025518.1120607298
2017-02-08,1026717.2095118748
2017-02-09,1032378.3074313389
2017-02-10,1036022.3017398106
2017-02-13,1041021.8415349843
2017-02-14,1045684.3637581402
2017-02-15,1000000.0
2017-02-16,999700.1599979398
2017-02-17,999590.7772893906
2017-02-21,1003702.3276849746
2017-02-22,1004259.966255951
2017-02-23,1006674.395099144
2017-02-24,1006323.1611217194
2017-02-27,1007317.2174206619
2017-02-28,1006942.3921919899
2017-03-01,1021733.5055359459
2017-03-02,1017181.5099645004
2017-03-03,1019126.1538186417
2017-03-06,1016609.5517373428
2017-03-07,1013167.9189916
2017-03-08,1011944.7632260666
2017-03-09,1012555.4880458642
2017-03-10,1017009.9923395119
2017-03-13,1015174.8783792458
2017-03-14,1012230.504567524
2017-03-15,1017937.9582621193
2017-03-16,1000000.0
2017-03-17,998235.6597827912
2017-03-20,996636.3112703324
2017-03-21,987694.9388738633
2017-03-22,988972.6987443926
2017-03-23,987463.0456296541
2017-03-24,984388.0042138292
2017-03-27,980993.2047198336
2017-03-28,986699.0216463548
2017-03-29,984443.541129307
2017-03-30,987921.2175895731
2017-03-31,985517.6213295023
2017-04-03,984998.238572014
2017-04-04,986135.9600238116
2017-04-05,984446.1799131491
2017-04-06,984612.1910327551
2017-04-07,984886.4761691458
2017-04-10,984585.9080287039
2017-04-11,985780.205670107
2017-04-12,982462.155155985
2017-04-13,1000000.0
2017-04-17,1001418.9348993301
2017-04-18,1000904.9653018949
2017-04-19,1000234.1429239269
2017-04-20,1003778.2132942197
2017-04-21,1003268.1421140669
2017-04-24,1014392.2379152296
2017-04-25,1025189.1363886793
2017-04-26,1023885.2558497388
2017-04-27,1026242.1306055982
2017-04-28,1026224.0225962598
2017-05-01,1023549.7031840284
2017-05-02,1026018.4104899366
2017-05-03,1027450.6102503736
2017-05-04,1029686.8912104566
2017-05-05,1032478.8972300489
2017-05-08,1033003.9688776929
2017-05-09,1031977.2218989332
2017-05-10,1029532.3934306104
2017-05-11,1027575.474157234
2017-05-12,1000000.0
2017-05-15,1000095.7574390409
2017-05-16,999639.5953098293
2017-05-17,992606.7724674222
2017-05-18,993337.5806533811
2017-05-19,997030.6626152035
2017-05-22,1001394.7003994824
2017-05-23,1001360.279782829
2017-05-24,1005534.6010129239
2017-05-25,1012938.696137817
2017-05-26,1011278.4000860974
2017-05-30,1010422.9414669033
2017-05-31,1011467.5481375118
2017-06-01,1019150.4568953931
2017-06-02,1026433.2600268627
2017-06-05,1026840.3250617291
2017-06-06,1022968.5007628704
2017-06-07,1026587.531047752
2017-06-08,1023595.814830711
2017-06-09,1019954.0066031719
2017-06-12,1000000.0
2017-06-13,1001245.3174076079
2017-06-14,1003463.8846742627
2017-06-15,1002357.4886625286
2017-06-16,1002630.1668819422
2017-06-19,1012069.3892711634
2017-06-20,1010803.4045960688
2017-06-21,1012452.4252387366
2017-06-22,1012487.8739945425
2017-06-23,1010338.8415704379
2017-06-26,1010915.8996972804
2017-06-27,1005639.1537320894
2017-06-28,1013355.3544462008
2017-06-29,1004541.4970052294
2017-06-30,1004552.2277715257
2017-07-03,1009231.3254868292
2017-07-05,1013290.7999779485
2017-07-06,1007138.9854294561
2017-07-07,1012328.65961807
2017-07-10,1012217.2311379217
2017-07-11,1000000.0
2017-07-12,1000996.3324632647
2017-07-13,1001522.5457708361
2017-07-14,1003551.0987417224
2017-07-17,1003919.2201454166
2017-07-18,999766.6357795948
2017-07-19,1005417.7569725269
2017-07-20,1002716.0722419971
2017-07-21,1002026.5590355152
2017-07-24,999346.1237327808
2017-07-25,1004524.978644585
2017-07-26,1010919.9528114551
2017-07-27,1011977.250457024
2017-07-28,1016180.6817390674
2017-07-31,1020577.0164406055
2017-08-01,1023114.4964134449
2017-08-02,1024024.09803698
2017-08-03,1023616.0010902637
2017-08-04,1027685.7491829151
2017-08-07,1031480.3726951831
2017-08-08,1000000.0
2017-08-09,999177.0013177873
2017-08-10,995162.644922066
2017-08-11,996177.5282493593
2017-08-14,1000754.0117567065
2017-08-15,1001020.9794979098
2017-08-16,1003583.0667069094
2017-08-17,991730.3649699233
2017-08-18,988731.7331225417
2017-08-21,991712.8211676619
2017-08-22,1001380.0372550032
2017-08-23,996933.7833392165
2017-08-24,997451.710348799
2017-08-25,998731.4434668563
2017-08-28,1000033.9440524123
2017-08-29,1001769.6113383467
2017-08-30,1003295.228259436
2017-08-31,1006251.0580141795
2017-09-01,1008719.22456432
2017-09-05,1001900.185850262
2017-09-06,1000000.0
2017-09-07,1000145.291171074
2017-09-08,1001249.9769514087
2017-09-11,1009561.4416297914
2017-09-12,1009540.3699378968
2017-09-13,1010287.1294936143
2017-09-14,1010682.2723864595
2017-09-15,1013944.3667819444
2017-09-18,1015998.2645204279
2017-09-19,1016056.0425826685
2017-09-20,1019487.3001391641
2017-09-21,1018606.7450053445
2017-09-22,1019119.5753237954
2017-09-25,1014389.8422076455
2017-09-26,1012134.8122203103
2017-09-27,1013001.2864746744
2017-09-28,1016217.7554230386
2017-09-29,1018069.386743992
2017-10-02,1024567.691141575
2017-10-03,1028142.983492344
2017-10-04,1000000.0
2017-10-05,1000945.3299757004
2017-10-06,1000686.036835861
2017-10-09,999275.191025543
2017-10-10,1000831.8270563125
2017-10-11,1001538.097215866
2017-10-12,998470.9041953391
2017-10-13,999143.7793984641
2017-10-16,1002712.130251171
2017-10-17,1002911.6933375587
2017-10-18,1011288.9739976081
2017-10-19,1009563.8097558173
2017-10-20,1018675.674501911
2017-10-23,1014495.6699105796
2017-10-24,1018459.7207116354
2017-10-25,1010487.2992524374
2017-10-26,1013054.7673920859
2017-10-27,1010558.1819413604
2017-10-30,1009159.3188641891
2017-10-31,1011981.140297142
2017-11-01,1000000.0
2017-11-02,1000416.7319787977
2017-11-03,1000384.9390510558
2017-11-06,1001388.619743347
2017-11-07,1003073.4983942031
2017-11-08,1002623.8462442169
2017-11-09,998313.3072094269
2017-11-10,998237.4291670761
2017-11-13,1001358.3296288833
2017-11-14,1000639.76970121
2017-11-15,995713.7296041794
2017-11-16,1007254.2374922561
2017-11-17,1002582.5352419777
2017-11-20,1007723.0538767738
2017-11-21,1014577.4301127357
2017-11-22,1009117.2088071022
2017-11-24,1010325.656339756
2017-11-27,1010569.1153165016
2017-11-28,1023983.9621564064
2017-11-29,1027609.4273282203
2017-11-30,1000000.0
2017-12-01,999236.702354431
2017-12-04,999424.6174709317
2017-12-05,997074.2299896239
2017-12-06,996961.1506999967
2017-12-07,998434.9455281065
2017-12-08,1003602.3471812666
2017-12-11,1004872.9019569624
2017-12-12,1008283.173990898
2017-12-13,1010893.3146502302
2017-12-14,1008711.315873207
2017-12-15,1016581.9966779783
2017-12-18,1019885.5402148322
2017-12-19,1019733.3694689826
2017-12-20,1017454.315784748
2017-12-21,1016062.3008578375
2017-12-22,1014297.087116535
2017-12-26,1015041.0774319228
2017-12-27,1016876.4742825087
2017-12-28,1019179.4179966506
2017-12-29,1000000.0
2018-01-02,1000993.6982192992
2018-01-03,1003311.5744327544
2018-01-04,1008481.252624893
2018-01-05,1018299.2168560217
2018-01-08,1017860.2315200499
2018-01-09,1024547.9828837698
2018-01-10,1023853.3206772344
2018-01-11,1032457.3492556341
2018-01-12,1043858.1903186605
2018-01-16,1044048.5978694722
2018-01-17,1055984.6556278036
2018-01-18,1051227.3054385947
2018-01-19,1057255.7537914084
2018-01-22,1065949.5870264624
2018-01-23,1065190.850517452
2018-01-24,1068132.0029280202
2018-01-25,1076141.9087674064
2018-01-26,1083707.8108746451
2018-01-29,1079301.3464924735
2018-01-30,1000000.0
2018-01-31,1000939.820552063
2018-02-01,1001463.098583603
2018-02-02,982058.3112232211
2018-02-05,935095.2975293734
2018-02-06,958216.9995749287
2018-02-07,960677.0956381458
2018-02-08,919551.108506863
2018-02-09,931813.5557318233
2018-02-12,946850.9925813258
2018-02-13,948017.6880457423
2018-02-14,956571.0719732326
2018-02-15,970937.1564954799
2018-02-16,971894.9500376781
2018-02-20,963423.0793134349
2018-02-21,957247.2796956676
2018-02-22,961860.5565506214
2018-02-23,974568.0302940601
2018-02-26,987822.5743461841
2018-02-27,976669.1208931202
2018-02-28,1000000.0
2018-03-01,994969.6968721389
2018-03-02,992962.3755945205
2018-03-05,1006980.5824335098
2018-03-06,1007439.1359130745
2018-03-07,1005552.3567657012
2018-03-08,1008800.3869596825
2018-03-09,1027027.4996179504
2018-03-12,1018607.503952713
2018-03-13,1012536.9638602447
2018-03-14,1002807.4656879806
2018-03-15,1008376.4747480087
2018-03-16,1011173.9396775665
2018-03-19,997334.8252720565
2018-03-20,1002884.9257698936
2018-03-21,999909.9723664207
2018-03-22,967440.6660500449
2018-03-23,950693.2140274924
2018-03-26,977671.5941768608
2018-03-27,961208.9138599357
2018-03-28,1000000.0
2018-03-29,1002257.5417966843
2018-04-02,993317.8534706115
2018-04-03,1005804.6857528685
2018-04-04,1016499.6870718001
2018-04-05,1025349.9970836181
2018-04-06,1000990.4995393219
2018-04-09,1001603.8933583869
2018-04-10,1019652.9409348583
2018-04-11,1008611.1864640025
2018-04-12,1020992.3810822276
2018-04-13,1012916.6820599345
2018-04-16,1020855.354079893
2018-04-17,1032065.093986204
2018-04-18,1035382.4584213999
2018-04-19,1033423.8785721568
2018-04-20,1028605.1621300486
2018-04-23,1025786.7034336833
2018-04-24,1005809.7624947337
2018-04-25,1008755.2357746867
2018-04-26,1000000.0
2018-04-27,999964.3246152876
2018-04-30,996069.9468486784
2018-05-01,992466.26350708
2018-05-02,981467.648335823
2018-05-03,982318.8577550735
2018-05-04,994191.8068593825
2018-05-07,997319.9639867629
2018-05-08,997506.8170446242
2018-05-09,1005634.5942815627
2018-05-10,1012927.5826085891
2018-05-11,1017029.6181920852
2018-05-14,1018916.5246862258
2018-05-15,1010140.1618627395
2018-05-16,1010352.3417791213
2018-05-17,1007630.3538335647
2018-05-18,1010331.797643074
2018-05-21,1021932.781072029
2018-05-22,1015120.3596776809
2018-05-23,1019215.14446772
2018-05-24,1000000.0
2018-05-25,999539.4486253738
2018-05-29,990295.9838251115
2018-05-30,999982.7440774919
2018-05-31,988783.3479390641
2018-06-01,997885.3484661791
2018-06-04,1006428.900965645
2018-06-05,1004715.8571388551
2018-06-06,1021014.0051610338
2018-06-07,1022643.8977918398
2018-06-08,1025650.5736797316
2018-06-11,1027727.8364780409
2018-06-12,1029515.5213887808
2018-06-13,1022852.7440812704
2018-06-14,1022655.8151815054
2018-06-15,1017646.0379235861
2018-06-18,1014546.3973920462
2018-06-19,1001545.838857424
2018-06-20,1000182.4907662985
2018-06-21,992894.7425267813
2018-06-22,1000000.0
2018-06-25,996847.790243721
2018-06-26,996940.303492546
2018-06-27,990353.2307092664
2018-06-28,994293.8522081373
2018-06-29,996349.8559440993
2018-07-02,1000471.0530155409
2018-07-03,995125.097274555
2018-07-05,1001109.1907003057
2018-07-06,1006854.233114601
2018-07-09,1019063.1828902968
2018-07-10,1026795.775503517
2018-07-11,1018764.039968849
2018-07-12,1029165.166784645
2018-07-13,1032286.8217147597
2018-07-16,1034295.5187057265
2018-07-17,1035521.8650268324
2018-07-18,1039838.8771804579
2018-07-19,1031262.7727874526
2018-07-20,1034577.6650604018
2018-07-23,1000000.0
2018-07-24,1001111.8207622528
2018-07-25,1003652.7192127231
2018-07-26,1004507.5475349429
2018-07-27,1002098.2299346926
2018-07-30,993658.1100447085
2018-07-31,998193.2027113345
2018-08-01,992696.3426878359
2018-08-02,992536.5953504946
2018-08-03,998122.525625458
2018-08-06,998112.9208586123
2018-08-07,1005589.1715528872
2018-08-08,1004065.3374235537
2018-08-09,998853.8580458071
2018-08-10,991575.3527815249
2018-08-13,987571.6052992251
2018-08-14,992179.0544874575
2018-08-15,985849.2075636294
2018-08-16,1002897.3318312075
2018-08-17,1005454.0079328921
2018-08-20,1000000.0
2018-08-21,1000690.0536766052
2018-08-22,999452.1627002715
2018-08-23,997233.0469413757
2018-08-24,1002882.1000641403
2018-08-27,1013828.3215248794
2018-08-28,1015038.8405651321
2018-08-29,1017531.4388416786
2018-08-30,1010553.8368850669
2018-08-31,1008576.010888668
2018-09-04,1011887.368524166
2018-09-05,1010216.718133541
2018-09-06,1014348.9800430259
2018-09-07,1011656.3767944297
2018-09-10,1011525.0798049888
2018-09-11,1015274.4765945396
2018-09-12,1019662.4750991783
2018-09-13,1023046.5347991905
2018-09-14,1022934.4120346031
2018-09-17,1017256.4679733238
2018-09-18,1000000.0
2018-09-19,1001536.7211591721
2018-09-20,1006531.941162491
2018-09-21,1010683.982442856
2018-09-24,1004100.4110233842
2018-09-25,1002087.13108564
2018-09-26,996784.1385548173
2018-09-27,998531.063634163
2018-09-28,998002.4919737321
2018-10-01,1005807.6694041826
2018-10-02,1007201.817902794
2018-10-03,1010622.0123951341
2018-10-04,1000044.3054211045
2018-10-05,995156.9841778184
2018-10-08,992906.9601452256
2018-10-09,989042.9857799913
2018-10-10,954060.3296139146
2018-10-11,934663.7386715318
2018-10-12,947641.1268970872
2018-10-15,941877.9644901658
2018-10-16,1000000.0
2018-10-17,999394.8594079972
2018-10-18,991978.9821043015
2018-10-19,993241.3203401567
2018-10-22,987199.1838453293
2018-10-23,982753.6792881356
2018-10-24,960567.4880993234
2018-10-25,978653.2314236031
2018-10-26,963302.6152889596
2018-10-29,952192.1562664376
2018-10-30,969226.0050251351
2018-10-31,981356.2824451791
2018-11-01,988930.5982525216
2018-11-02,984723.3519108163
2018-11-05,992989.6010677682
2018-11-06,998945.2045070992
2018-11-07,1023199.9097378121
2018-11-08,1026284.7793323861
2018-11-09,1016358.8963901864
2018-11-12,990006.1522457467
2018-11-13,1000000.0
2018-11-14,997826.4785396575
2018-11-15,1002504.6460212707
2018-11-16,1007330.4555027008
2018-11-19,992822.5418949127
2018-11-20,974382.0909354783
2018-11-21,974682.8982017137
2018-11-23,967398.7073854142
2018-11-26,985660.6355871812
2018-11-27,992543.046842064
2018-11-28,1020322.056652115
2018-11-29,1016920.4299718286
2018-11-30,1025260.7507523728
2018-12-03,1029707.2134935075
2018-12-04,999490.6601576882
2018-12-06,1001528.7987571679
2018-12-07,978913.6412486993
2018-12-10,979669.8742536469
2018-12-11,978164.8196886674
2018-12-12,984591.6217287675
2018-12-13,1000000.0
2018-12-14,995343.7400981904
2018-12-17,983823.6599676134
2018-12-18,987073.0457065584
2018-12-19,974919.2918984377
2018-12-20,956032.6782457144
2018-12-21,934887.3403741629
2018-12-24,911509.337972811
2018-12-26,958744.1352769644
2018-12-27,971920.7230684073
2018-12-28,968408.4350187094
2018-12-31,981324.3669072897
2019-01-02,978977.2174722464
2019-01-03,954582.8679277212
2019-01-04,988941.4165174277
2019-01-07,996585.4251500876
2019-01-08,1007587.6380407126
2019-01-09,1011605.1767656119
2019-01-10,1019612.6767236502
2019-01-11,1020103.9985391409
2019-01-14,1000000.0
2019-01-15,1001848.7515588759
2019-01-16,1006193.783978462
2019-01-17,1011148.6448999404
2019-01-18,1026100.0653028334
2019-01-22,1013532.0156541213
2019-01-23,1017192.686750923
2019-01-24,1017313.6424241408
2019-01-25,1025072.365355049
2019-01-28,1012106.8483872756
2019-01-29,1012393.1777482375
2019-01-30,1029112.5889039382
2019-01-31,1027992.184004341
2019-02-01,1030328.9872117385
2019-02-04,1039351.1223893508
2019-02-05,1046972.8458161696
2019-02-06,1046520.1752992019
2019-02-07,1035435.319639717
2019-02-08,1033184.6728806838
2019-02-11,1031691.8420701369
2019-02-12,1000000.0
2019-02-13,1000668.6221755983
2019-02-14,997908.7330001832
2019-02-15,1012757.8671733858
2019-02-19,1011549.8480623324
2019-02-20,1014773.1202486117
2019-02-21,1010680.7437837679
2019-02-22,1017620.6525209505
2019-02-25,1021213.8939607699
2019-02-26,1020153.0658357699
2019-02-27,1018640.0081880648
2019-02-28,1016656.8713472445
2019-03-01,1021666.877893265
2019-03-04,1008422.1390169222
2019-03-05,1007098.9588716585
2019-03-06,1000545.009332474
2019-03-07,992300.1402223666
2019-03-08,991472.8999727328
2019-03-11,994567.9030244906
2019-03-12,987826.802591141
2019-03-13,1000000.0
2019-03-14,1000187.9473960877
2019-03-15,1003786.6251533509
2019-03-18,1005489.8269058226
2019-03-19,1005845.5842056045
2019-03-20,1000442.471321083
2019-03-21,1007420.1254729995
2019-03-22,985573.974143959
2019-03-25,988316.5380325088
2019-03-26,992287.9160003433
2019-03-27,989360.4359206924
2019-03-28,993949.2621459732
2019-03-29,1004288.4070434341
2019-04-01,1019172.0680541763
2019-04-02,1017785.2439880142
2019-04-03,1020041.0046615371
2019-04-04,1025335.8684310684
2019-04-05,1027285.4622192153
2019-04-08,1020297.5377197036
2019-04-09,1011215.7716293106
2019-04-10,1000000.0
2019-04-11,999586.7412143709
2019-04-12,1004234.0619602208
2019-04-15,1001898.9140926367
2019-04-16,1003334.3600697027
2019-04-17,1001103.3821796881
2019-04-18,1005204.3773273932
2019-04-22,1002261.4196247564
2019-04-23,1007464.6876987921
2019-04-24,1005791.9507832037
2019-04-25,1002445.7382053839
2019-04-26,1008300.557999085
2019-04-29,1008144.2373966681
2019-04-30,1007748.5791630255
2019-05-01,996041.0607990728
2019-05-02,994077.8066181646
2019-05-03,1001335.4186710821
2019-05-06,998346.9798893438
2019-05-07,978244.3929218756
2019-05-08,977411.0184254156
2019-05-09,1000000.0
2019-05-10,1001616.2966804503
2019-05-13,989247.2118507384
2019-05-14,995060.1495765685
2019-05-15,997939.4098724822
2019-05-16,1009413.05438982
2019-05-17,1007393.2945250128
2019-05-20,1005644.0081785773
2019-05-21,1012133.1742552374
2019-05-22,1009487.9198034857
2019-05-23,1000469.9162825202
2019-05-24,1004787.5841063117
2019-05-28,995753.765666828
2019-05-29,987472.7686956977
2019-05-30,991433.2965429877
2019-05-31,977074.4417456244
2019-06-03,972941.7250364874
2019-06-04,993669.5401800727
2019-06-05,1005031.8508528327
2019-06-06,1009718.4651297187
2019-06-07,1000000.0
2019-06-10,999736.7032661436
2019-06-11,998752.0211788176
2019-06-12,996937.8040977475
2019-06-13,1000034.1077413327
2019-06-14,999988.4002142408
2019-06-17,1002803.2055883863
2019-06-18,1019142.1052809217
2019-06-19,1021692.3067236402
2019-06-20,1031802.4334288099
2019-06-21,1030490.9785871961
2019-06-24,1027451.1005850293
2019-06-25,1018981.3608580091
2019-06-26,1019015.1272879102
2019-06-27,1019175.2907591321
2019-06-28,1024164.9455709913
2019-07-01,1028268.5495863416
2019-07-02,1029828.5468321302
2019-07-03,1036709.0847273328
2019-07-05,1034777.0191717603
2019-07-08,1000000.0
2019-07-09,999709.9530017854
2019-07-10,1000576.3831462862
2019-07-11,1010386.8011058811
2019-07-12,1019536.6536941685
2019-07-15,1018625.1982050327
2019-07-16,1018692.9550006718
2019-07-17,1012357.0036806492
2019-07-18,1016010.3557852139
2019-07-19,1010344.0023649563
2019-07-22,1012236.596786343
2019-07-23,1017787.5416944851
2019-07-24,1021971.8570135464
2019-07-25,1017293.2154043545
2019-07-26,1021146.2761610379
2019-07-29,1019073.0840757717
2019-07-30,1019082.0907438626
2019-07-31,1009132.4525411953
2019-08-01,997889.1386946072
2019-08-02,991502.4555662503
2019-08-05,1000000.0
2019-08-06,1003450.9380409244
2019-08-07,1002934.1246421818
2019-08-08,1014175.191089249
2019-08-09,1015914.5746188816
2019-08-12,1003088.2217746433
2019-08-13,1016432.6457248386
2019-08-14,985379.0256076511
2019-08-15,990339.1564670261
2019-08-16,1002961.6882358249
2019-08-19,1011117.3820834812
2019-08-20,1006485.7053867038
2019-08-21,1016111.1848636325
2019-08-22,1019745.0321384128
2019-08-23,1000709.5443759616
2019-08-26,1012321.6022067722
2019-08-27,1006451.8599277195
2019-08-28,1015659.4679446872
2019-08-29,1030538.5558047947
2019-08-30,1032685.5616031345
2019-09-03,1000000.0
2019-09-04,1002029.4470436095
2019-09-05,1010587.5989791871
2019-09-06,1011743.7858585357
2019-09-09,1009888.8089305534
2019-09-10,1008641.5856563224
2019-09-11,1017248.5861583212
2019-09-12,1017700.0920769232
2019-09-13,1019840.117646839
2019-09-16,1012607.0449959296
2019-09-17,1015287.7936439627
2019-09-18,1016185.2319999809
2019-09-19,1014640.3513023604
2019-09-20,1009806.2249824752
2019-09-23,1010254.2986935881
2019-09-24,1004090.3686224594
2019-09-25,1010408.4154936447
2019-09-26,1008543.2765852584
2019-09-27,1005650.7473150863
2019-09-30,1006929.0522390975
2019-10-01,1000000.0
2019-10-02,993585.5824146271
2019-10-03,997105.693568802
2019-10-04,1008575.1186977387
2019-10-07,1006298.6463498079
2019-10-08,994355.1477589799
2019-10-09,1001676.6398702622
2019-10-10,1006542.7138973771
2019-10-11,1018857.0494901582
2019-10-14,1019143.7640125887
2019-10-15,1029590.2299337083
2019-10-16,1027100.6925852891
2019-10-17,1028875.5384671022
2019-10-18,1023805.9128130036
2019-10-21,1030156.9503877717
2019-10-22,1029829.0942323762
2019-10-23,1029747.2715089875
2019-10-24,1024706.384469803
2019-10-25,1034157.5044954377
2019-10-28,1042643.2966554719
2019-10-29,1000000.0
2019-10-30,1001210.4210762025
2019-10-31,996787.2460285188
2019-11-01,1006445.6202404023
2019-11-04,1005310.7424828644
2019-11-05,1007743.5990502472
2019-11-06,1008965.2112099762
2019-11-07,1015810.9014260407
2019-11-08,1016070.062864029
2019-11-11,1018476.7851464386
2019-11-12,1018444.3053109284
2019-11-13,1018376.5583855744
2019-11-14,1019892.9599511261
2019-11-15,1029107.3267571564
2019-11-18,1029938.50173732
2019-11-19,1026563.8109414215
2019-11-20,1023838.6419503327
2019-11-21,1019339.7697884674
2019-11-22,1024531.1760842438
2019-11-25,1031574.3094536896
2019-11-26,1000000.0
2019-11-27,999892.3863929748
2019-11-29,997504.2269905088
2019-12-02,986308.2813751218
2019-12-03,977137.7115283506
2019-12-04,979156.8046430395
2019-12-05,979642.3007787511
2019-12-06,990185.3158048437
2019-12-09,987059.0678342626
2019-12-10,985533.2472471044
2019-12-11,985817.46510828
2019-12-12,993787.7657712743
2019-12-13,996081.463040714
2019-12-16,998872.281388645
2019-12-17,1000266.172982578
2019-12-18,999115.7834523962
2019-12-19,1005185.8298696325
2019-12-20,1006570.6200536535
2019-12-23,1009044.253060703
2019-12-24,1007580.8596853063
2019-12-26,1000000.0
2019-12-27,999891.46728096
2019-12-30,994943.5916259764
2019-12-31,996355.8269042969
2020-01-02,1009729.8955776977
2020-01-03,1001283.1012641144
2020-01-06,1007526.321786808
2020-01-07,1005339.841129177
2020-01-08,1012777.8945904655
2020-01-09,1021866.0493145866
2020-01-10,1016110.498426525
2020-01-13,1017899.9185009879
2020-01-14,1020874.9355603141
2020-01-15,1023838.3850537223
2020-01-16,1033770.5154858512
2020-01-17,1033562.8126355094
2020-01-21,1026715.7924328727
2020-01-22,1023144.294004528
2020-01-23,1024478.001615612
2020-01-24,1016006.342832653
2020-01-27,1000000.0
2020-01-28,1001512.7643352507
2020-01-29,1001864.978109741
2020-01-30,1008151.1590751646
2020-01-31,983319.7193216246
2020-02-03,988461.8276132506
2020-02-04,1002355.8243631285
2020-02-05,1019341.0280950316
2020-02-06,1019876.8676745299
2020-02-07,1011426.8640325506
2020-02-10,1018337.0051649053
2020-02-11,1020697.3650510748
2020-02-12,1029145.6992304038
2020-02-13,1025270.8721277426
2020-02-14,1027135.7604753684
2020-02-18,1024315.469829769
2020-02-19,1029113.0183794211
2020-02-20,1025416.2975160788
2020-02-21,1017176.9258844565
2020-02-24,984433.5316545676
2020-02-25,1000000.0
2020-02-26,998935.2069816588
2020-02-27,973260.6080684662
2020-02-28,960944.6640518188
2020-03-02,1006633.052657013
2020-03-03,976373.088820343
2020-03-04,1019849.3983013382
2020-03-05,981340.6791012039
2020-03-06,969312.5104305496
2020-03-09,891812.7672956466
2020-03-10,937752.8774296036
2020-03-11,879399.8725030097
2020-03-12,786690.9536538505
2020-03-13,861403.4946923637
2020-03-16,737377.9056573295
2020-03-17,766744.3530984306
2020-03-18,708356.6857209586
2020-03-19,725403.6561532401
2020-03-20,694304.320286312
2020-03-23,673270.0680650673
2020-03-24,1000000.0
2020-03-25,1002340.1089824677
2020-03-26,1027416.0951526642
2020-03-27,1004751.880791855
2020-03-30,1034827.8633392336
2020-03-31,1011780.7479325488
2020-04-01,968629.6820624163
2020-04-02,993848.1586131136
2020-04-03,972898.78870105
2020-04-06,1042951.3990975725
2020-04-07,1045628.3394385073
2020-04-08,1085396.3143579334
2020-04-09,1103549.7031457294
2020-04-13,1082819.2100007404
2020-04-14,1108113.9072053302
2020-04-15,1085870.6195657123
2020-04-16,1095526.7657716144
2020-04-17,1127366.2867791522
2020-04-20,1106265.197926903
2020-04-21,1072841.8540662767
2020-04-22,1000000.0
2020-04-23,1000203.580577469
2020-04-24,1007415.0183002474
2020-04-27,1019588.4384140016
2020-04-28,1017806.7638664247
2020-04-29,1036847.5815883637
2020-04-30,1025194.3718168909
2020-05-01,998647.0594694788
2020-05-04,999588.7555525476
2020-05-05,1008236.5196173365
2020-05-06,998965.2040960962
2020-05-07,1006221.6351530725
2020-05-08,1022203.2729170496
2020-05-11,1019223.6084120447
2020-05-12,999042.580396908
2020-05-13,976682.9063780481
2020-05-14,995598.6068670923
2020-05-15,1000483.0977995569
2020-05-18,1030529.3308851892
2020-05-19,1012965.3051092798
2020-05-20,1000000.0
2020-05-21,998930.108348465
2020-05-22,1000097.7804122925
2020-05-26,1016060.0084217072
2020-05-27,1041986.4842852632
2020-05-28,1038298.207460312
2020-05-29,1033531.3047808687
2020-06-01,1038074.8415392915
2020-06-02,1047658.6213702242
2020-06-03,1070153.705644516
2020-06-04,1073292.8900774994
2020-06-05,1109391.8282488862
2020-06-08,1129866.8691576996
2020-06-09,1114333.3769701996
2020-06-10,1102508.0142535248
2020-06-11,1025527.2339190523
2020-06-12,1045716.3524798433
2020-06-15,1053858.8346880951
2020-06-16,1076412.6602343598
2020-06-17,1070174.3104266205
2020-06-18,1000000.0
2020-06-19,998020.6621749878
2020-06-22,1000232.1196193695
2020-06-23,1003695.305852127
2020-06-24,976598.7270247192
2020-06-25,990563.2701765747
2020-06-26,961078.4531218262
2020-06-29,983350.076069519
2020-06-30,992790.1408659668
2020-07-01,996937.658138916
2020-07-02,1000793.5118986816
2020-07-06,1018194.3751188965
2020-07-07,999492.636326477
2020-07-08,1005633.2985426636
2020-07-09,991865.5225264282
2020-07-10,1003272.949772522
2020-07-13,1001142.4050413818
2020-07-14,1021648.4670836182
2020-07-15,1030070.4439055176
2020-07-16,1024788.2331282349
2020-07-17,1000000.0
2020-07-20,1001065.9913051602
2020-07-21,1001742.6660442348
2020-07-22,1006178.4994956965
2020-07-23,993782.239429748
2020-07-24,988250.3099868502
2020-07-27,993705.1174781527
2020-07-28,986235.7634399142
2020-07-29,990496.6591994967
2020-07-30,981094.8523338046
2020-07-31,976067.1961333957
2020-08-03,988107.1497085299
2020-08-04,991456.4100730624
2020-08-05,1001901.7655570712
2020-08-06,1008231.5584075656
2020-08-07,1009462.0609252658
2020-08-10,1015706.74786832
2020-08-11,1012987.4275405612
2020-08-12,1021888.9833038058
2020-08-13,1017763.6674659457
2020-08-14,1000000.0
2020-08-17,999093.9562053679
2020-08-18,997674.3364391327
2020-08-19,995564.2313426972
2020-08-20,995798.4694126282
2020-08-21,996802.8794031448
2020-08-24,1006289.5455916672
2020-08-25,1017428.6591210328
2020-08-26,1028076.396593567
2020-08-27,1037776.7740960084
2020-08-28,1041390.5473629532
2020-08-31,1033390.197897545
2020-09-01,1039300.1254182969
2020-09-02,1057647.350520256
2020-09-03,1028858.8880263596
2020-09-04,1025210.8892928391
2020-09-08,1003130.6941481858
2020-09-09,1019695.0152049027
2020-09-10,1004199.4773323936
2020-09-11,1010070.1279395638
2020-09-14,1000000.0
2020-09-15,999725.111919403
2020-09-16,1000140.3125968932
2020-09-17,995046.3551689145
2020-09-18,987669.2558311003
2020-09-21,969475.32532077
2020-09-22,973489.6064586027
2020-09-23,952695.343341171
2020-09-24,957881.1055909727
2020-09-25,968563.0878144834
2020-09-28,980641.2705461119
2020-09-29,976039.1097718809
2020-09-30,990327.2797471617
2020-10-01,991584.4974900816
2020-10-02,986943.3169938658
2020-10-05,1003454.9597550962
2020-10-06,992922.966209564
2020-10-07,1012111.1751100157
2020-10-08,1015231.3230363462
2020-10-09,1021415.38674942
2020-10-12,1000000.0
2020-10-13,998614.2752193449
2020-10-14,993400.7446823118
2020-10-15,990669.6051357267
2020-10-16,993489.5756241606
2020-10-19,978596.5531937407
2020-10-20,982422.0022141264
2020-10-21,979620.6682907866
2020-10-22,982376.8916413115
2020-10-23,983807.5023285673
2020-10-26,961079.1851746367
2020-10-27,956169.9080918577
2020-10-28,924235.068591831
2020-10-29,927222.6810491217
2020-10-30,922443.1064846838
2020-11-02,936163.3870480383
2020-11-03,956896.8973324621
2020-11-04,978665.5706494177
2020-11-05,996316.9814236487
2020-11-06,992943.4215557898
2020-11-09,1000000.0
2020-11-10,1001446.0113800048
2020-11-11,1002056.1053810118
2020-11-12,991679.7986478119
2020-11-13,1002354.2463260078
2020-11-16,1012912.4188010978
2020-11-17,1006510.8751685905
2020-11-18,996366.1786606101
2020-11-19,997801.3059252586
2020-11-20,991184.9360407676
2020-11-23,999890.6927508201
2020-11-24,1013575.1893328513
2020-11-25,1007380.0407084312
2020-11-27,1010107.6603754844
2020-11-30,1000356.2467020835
2020-12-01,1004354.0596255149
2020-12-02,1000320.4569376792
2020-12-03,999087.8809985007
2020-12-04,1008775.0141505088
2020-12-07,1002805.1840151633
2020-12-08,1000000.0
2020-12-09,998795.1348728181
2020-12-10,995829.4853164675
2020-12-11,993245.1443809511
2020-12-14,990420.4073542177
2020-12-15,1000327.5637415468
2020-12-16,1000915.3931482851
2020-12-17,1006713.9594935
2020-12-18,1003770.2751368105
2020-12-21,1005410.0568293154
2020-12-22,997620.5192469179
2020-12-23,1001807.2042444765
2020-12-24,1005265.6671351015
2020-12-28,1011360.3844507753
2020-12-29,1008913.5949152529
2020-12-30,1010602.4553888857
2020-12-31,1019798.331960541
2021-01-04,1008214.3872889101
2021-01-05,1010361.3208521425
2021-01-06,1027871.3170832216
2021-01-07,1000000.0
2021-01-08,1001047.5925552369
2021-01-11,997586.0928451539
2021-01-12,999944.6805837709
2021-01-13,999336.3296135865
2021-01-14,996144.8038639375
2021-01-15,993711.0042577058
2021-01-19,994818.8700851289
2021-01-20,1003339.2537902681
2021-01-21,1005690.7904495088
2021-01-22,999449.7008498994
2021-01-25,998694.8966277925
2021-01-26,999279.7057937471
2021-01-27,979357.7287582246
2021-01-28,985942.996092209
2021-01-29,965602.890913376
2021-02-01,972653.1489929048
2021-02-02,987200.7701782075
2021-02-03,986096.897390732
2021-02-04,996536.6247619478
2021-02-05,1000000.0
2021-02-08,1001034.5790981293
2021-02-09,1000571.4458217621
2021-02-10,1002095.3812038423
2021-02-11,1002364.6044888688
2021-02-12,1003378.2982602312
2021-02-16,1006223.4227490617
2021-02-17,1008969.1090207292
2021-02-18,1010924.5049328996
2021-02-19,1005351.0438962175
2021-02-22,1003417.7851376726
2021-02-23,1001788.6739239885
2021-02-24,1013819.687626381
2021-02-25,998129.958973427
2021-02-26,984714.22922184
2021-03-01,1001816.5003628923
2021-03-02,998685.5697064592
2021-03-03,994995.2972150041
2021-03-04,984484.300770302
2021-03-05,1001524.1600613786
2021-03-08,1000000.0
2021-03-09,999646.7643028258
2021-03-10,1007684.3191589353
2021-03-11,1012033.3238235167
2021-03-12,1019486.1571376685
2021-03-15,1027278.4816539648
2021-03-16,1025038.5452564124
2021-03-17,1030522.6786449316
2021-03-18,1030384.0958965186
2021-03-19,1021940.3285243872
2021-03-22,1024746.5791271094
2021-03-23,1016843.7262256506
2021-03-24,1018398.4286067847
2021-03-25,1023052.6140125159
2021-03-26,1038815.6316173438
2021-03-29,1040756.8904827002
2021-03-30,1037762.6899326209
2021-03-31,1033375.201838291
2021-04-01,1039141.8225124243
2021-04-05,1050046.6342571143
2021-04-06,1000000.0
2021-04-07,1000222.8656703946
2021-04-08,1001121.1655525204
2021-04-09,1010655.6359071996
2021-04-12,1009916.6174478795
2021-04-13,1006292.7326097753
2021-04-14,1008366.3269777562
2021-04-15,1019717.447091129
2021-04-16,1025679.4261064794
2021-04-19,1021839.1025553014
2021-04-20,1014949.9030924108
2021-04-21,1025100.2688608434
2021-04-22,1015843.9824610021
2021-04-23,1025133.1205644872
2021-04-26,1024264.5687952306
2021-04-27,1024804.4191713597
2021-04-28,1020184.1712427404
2021-04-29,1027620.1896524694
2021-04-30,1021790.7076311376
2021-05-03,1028396.5830011632
2021-05-04,1000000.0
2021-05-05,1000781.3268749233
2021-05-06,1008527.0649642939
2021-05-07,1016188.7453105425
2021-05-10,1014923.3066928362
2021-05-11,999699.0021541094
2021-05-12,979789.658472774
2021-05-13,993349.903494594
2021-05-14,1004685.6655833697
2021-05-17,1003766.7786776995
2021-05-18,996005.133875606
2021-05-19,990368.6855189776
2021-05-20,995612.6256511187
2021-05-21,1000937.0701701617
2021-05-24,1005460.0865962481
2021-05-25,1002696.8376452898
2021-05-26,1003603.9540469622
2021-05-27,1008352.0948665118
2021-05-28,1010496.9179332232
2021-06-01,1013205.1034228777
2021-06-02,1000000.0
2021-06-03,999157.2116355896
2021-06-04,1003422.0655071259
2021-06-07,1000333.2479176102
2021-06-08,999806.645626503
2021-06-09,994125.1535763321
2021-06-10,993046.2742237626
2021-06-11,993071.9476589737
2021-06-14,989878.8898243485
2021-06-15,987273.6746525345
2021-06-16,980099.3906635819
2021-06-17,973040.7580380021
2021-06-18,959060.2905582963
2021-06-21,977033.622894722
2021-06-22,978813.9095501481
2021-06-23,977060.5951580582
2021-06-24,987505.7621235428
2021-06-25,994064.1759533463
2021-06-28,989141.1726078568
2021-06-29,989707.1172298966
2021-06-30,1000000.0
2021-07-01,1001563.6313575745
2021-07-02,1005206.230096054
2021-07-06,999611.359357254
2021-07-07,1002492.6046880645
2021-07-08,995105.1996587677
2021-07-09,1008354.4031804962
2021-07-12,1010968.7969793243
2021-07-13,1006562.7945150299
2021-07-14,1007292.4737676544
2021-07-15,1009493.4155782623
2021-07-16,1001308.0791753692
2021-07-19,979412.2973760528
2021-07-20,996692.3336843414
2021-07-21,1005317.1192144317
2021-07-22,1005824.0765432281
2021-07-23,1013029.3430456085
2021-07-26,1014336.3749898834
2021-07-27,1011061.3790182037
2021-07-28,1008168.1493505401
2021-07-29,1000000.0
2021-07-30,998177.3172336579
2021-08-02,995736.3952342989
2021-08-03,1003357.528252884
2021-08-04,994100.8482907258
2021-08-05,1001889.6927426301
2021-08-06,1007693.1619656526
2021-08-09,1004054.488396927
2021-08-10,1009007.2196286165
2021-08-11,1016615.8093020327
2021-08-12,1016084.6561648257
2021-08-13,1015689.6647555239
2021-08-16,1020245.3165537416
2021-08-17,1010801.4418207704
2021-08-18,1000855.6912943422
2021-08-19,999922.9313684999
2021-08-20,1006734.4212290345
2021-08-23,1011979.2645365297
2021-08-24,1013518.7892710267
2021-08-25,1015695.79250589
2021-08-26,1000000.0
2021-08-27,1001986.4536899567
2021-08-30,1000547.4262683869
2021-08-31,998918.3731356965
2021-09-01,997304.3795284578
2021-09-02,1000053.3448833772
2021-09-03,998283.6476673433
2021-09-07,990814.024258072
2021-09-08,988275.4835018464
2021-09-09,983694.3190349885
2021-09-10,976059.3859218904
2021-09-13,983573.9664387056
2021-09-14,975849.1747059175
2021-09-15,981652.5833134004
2021-09-16,980586.0273098298
2021-09-17,976018.3761829683
2021-09-20,957392.5142444917
2021-09-21,957657.6026053582
2021-09-22,966609.6089759027
2021-09-23,983669.8527579461
2021-09-24,1000000.0
2021-09-27,1000154.1208442688
2021-09-28,984588.5466304779
2021-09-29,986893.3710811768
2021-09-30,970447.1016262207
2021-10-01,983311.3401973877
2021-10-04,973615.6926906739
2021-10-05,983444.110796753
2021-10-06,987166.3204677735
2021-10-07,997038.2792232666
2021-10-08,997095.2202327881
2021-10-11,990050.7511776123
2021-10-12,987491.9091060791
2021-10-13,987531.8008449707
2021-10-14,1002823.3185909424
2021-10-15,1016276.1957119141
2021-10-18,1017327.5903499756
2021-10-19,1021225.4794796143
2021-10-20,1024750.4524105225
2021-10-21,1023713.4356105957
2021-10-22,1000000.0
2021-10-25,999994.4523349759
2021-10-26,1000466.1624847411
2021-10-27,993717.4612637023
2021-10-28,999874.3226376036
2021-10-29,1002294.5965633849
2021-11-01,1003299.507650421
2021-11-02,1008002.8107662657
2021-11-03,1009771.8080502013
2021-11-04,1007892.8803921202
2021-11-05,1012533.7760830382
2021-11-08,1017289.859792755
2021-11-09,1013722.0091305235
2021-11-10,1006216.6458492735
2021-11-11,1003644.8192348937
2021-11-12,1009287.8350887755
2021-11-15,1006523.4058437804
2021-11-16,1011417.140249298
2021-11-17,1004297.5560512999
2021-11-18,1002563.3430691222
2021-11-19,1000000.0
2021-11-22,999314.6727478029
2021-11-23,1004258.7939929966
2021-11-24,1004122.7357148441
2021-11-26,975365.4796113285
2021-11-29,983568.701794556
2021-11-30,965278.1698731693
2021-12-01,949075.3174561771
2021-12-02,969597.4377717288
2021-12-03,965817.3914307865
2021-12-06,984338.6885041507
2021-12-07,1000588.6070069583
2021-12-08,1001132.463803223
2021-12-09,1000375.1270570072
2021-12-10,1005690.7570466312
2021-12-13,994936.6717347415
2021-12-14,990321.9530305179
2021-12-15,1001797.0854462894
2021-12-16,999507.554806641
2021-12-17,984638.2687196048
2021-12-20,1000000.0
2021-12-21,1005461.7978202819
2021-12-22,1010965.0324722289
2021-12-23,1016884.7988841247
2021-12-27,1028140.0473932571
2021-12-28,1029112.0107836075
2021-12-29,1032933.6560739822
2021-12-30,1029535.7071413345
2021-12-31,1028677.9740633316
2022-01-03,1030998.0331339188
2022-01-04,1035648.3927797623
2022-01-05,1019688.6763338394
2022-01-06,1015921.1369966812
2022-01-07,1012079.0970949478
2022-01-10,1006670.9742082901
2022-01-11,1010901.3001856155
2022-01-12,1013256.7424997635
2022-01-13,1005218.8037523575
2022-01-14,999479.664016182
2022-01-18,983326.0578760452
2022-01-19,1000000.0
2022-01-20,996939.4107486723
2022-01-21,989508.7260944366
2022-01-24,994272.6718348616
2022-01-25,990807.7487620467
2022-01-26,991341.2125376815
2022-01-27,989901.2233599776
2022-01-28,1004955.2090434188
2022-01-31,1013243.7688731307
2022-02-01,1020586.8068865889
2022-02-02,1029627.8424052352
2022-02-03,1013443.6574572676
2022-02-04,1012505.1976527327
2022-02-07,1011556.1873454207
2022-02-08,1025707.0039385909
2022-02-09,1033587.4453639144
2022-02-10,1015567.7712725752
2022-02-11,1001318.2356013411
2022-02-14,997402.4116877669
2022-02-15,1007690.9681185836
2022-02-16,1000000.0
2022-02-17,992374.4012966156
2022-02-18,987782.8522945405
2022-02-22,973368.8607395174
2022-02-23,957504.2092502596
2022-02-24,963042.0968235017
2022-02-25,987402.5086582185
2022-02-28,982603.4264743807
2022-03-01,963775.7535160066
2022-03-02,981380.5680454256
2022-03-03,977908.1017673494
2022-03-04,973506.330603409
2022-03-07,948231.3470066072
2022-03-08,941167.2433078767
2022-03-09,962360.7472599031
2022-03-10,958146.6954410555
2022-03-11,952753.0301273348
2022-03-14,954758.8273227693
2022-03-15,975167.6144779207
2022-03-16,989936.4831150057
2022-03-17,1000000.0
2022-03-18,1002948.5577297212
2022-03-21,997414.6077545168
2022-03-22,1004374.1804087679
2022-03-23,988832.8076940157
2022-03-24,997603.942923752
2022-03-25,1001507.8536694795
2022-03-28,1005078.4668744355
2022-03-29,1014166.1029980928
2022-03-30,1012443.6806958467
2022-03-31,996772.5891888887
2022-04-01,1001177.1527722627
2022-04-04,1002500.1407635957
2022-04-05,997956.2435773164
2022-04-06,995238.8740704805
2022-04-07,998959.8511975557
2022-04-08,1005650.0877316743
2022-04-11,993513.7003567964
2022-04-12,987526.7714627534
2022-04-13,995636.6173413545
2022-04-14,1000000.0
2022-04-18,1000014.5797790526
2022-04-19,1008874.7166748047
2022-04-20,1018565.2611269073
2022-04-21,1008713.6611284332
2022-04-22,977655.2303117828
2022-04-25,985931.9037660675
2022-04-26,962035.7270158844
2022-04-27,968175.8133119659
2022-04-28,983925.8314699249
2022-04-29,958425.1521638946
2022-05-02,961504.8857225494
2022-05-03,961325.8230338211
2022-05-04,988396.6983936996
2022-05-05,957246.6102799606
2022-05-06,953065.6321161041
2022-05-09,940307.0911844025
2022-05-10,937244.5184991608
2022-05-11,927160.285448822
2022-05-12,926016.335526802
2022-05-13,1000000.0
2022-05-16,999576.0107906343
2022-05-17,1009483.9588409424
2022-05-18,974502.2358716583
2022-05-19,968159.2836469269
2022-05-20,967977.0391872711
2022-05-23,987877.810508503
2022-05-24,991494.7074773445
2022-05-25,997894.0761106148
2022-05-26,1015086.3640782967
2022-05-27,1032918.63318993
2022-05-31,1027650.8635137215
2022-06-01,1018871.4886891976
2022-06-02,1030940.1293256417
2022-06-03,1019990.5888364449
2022-06-06,1020149.2829435006
2022-06-07,1027828.3931043282
2022-06-08,1018437.4685971871
2022-06-09,1000162.9352986946
2022-06-10,970221.8305242195
2022-06-13,1000000.0
2022-06-14,997365.5722534178
2022-06-15,1001676.2853206635
2022-06-16,979100.7821826936
2022-06-17,977857.8951609116
2022-06-21,997589.7369628373
2022-06-22,996086.377717537
2022-06-23,999620.8325362626
2022-06-24,1024674.1715636674
2022-06-27,1023484.0130858842
2022-06-28,1008545.8949752274
2022-06-29,1012388.5430007401
2022-06-30,1005971.8960433427
2022-07-01,1015526.4957900468
2022-07-05,1009905.5499282303
2022-07-06,1012846.9324202958
2022-07-07,1024082.8452086869
2022-07-08,1023525.3899245682
2022-07-11,1017306.7384810868
2022-07-12,1009693.3785720292
2022-07-13,1000000.0
2022-07-14,997411.3396488188
2022-07-15,1010658.3550456997
2022-07-18,1004559.6403442379
2022-07-19,1032210.0833840023
2022-07-20,1031192.9331795346
2022-07-21,1036619.7449661862
2022-07-22,1035533.6399475705
2022-07-25,1039592.3084007871
2022-07-26,1034694.3504654538
2022-07-27,1047872.0904251706
2022-07-28,1061373.1754662166
2022-07-29,1069839.333852447
2022-08-01,1066809.4085861812
2022-08-02,1052868.9169022213
2022-08-03,1066846.7958313595
2022-08-04,1066303.2708565365
2022-08-05,1068390.8498894344
2022-08-08,1070038.8027626644
2022-08-09,1070615.7614761959
2022-08-10,1000000.0
2022-08-11,999521.9312294007
2022-08-12,1009057.549123764
2022-08-15,1013697.9526114732
2022-08-16,1021132.2884040147
2022-08-17,1016162.5945334702
2022-08-18,1017323.6097617417
2022-08-19,1008614.9131446152
2022-08-22,988768.1331305772
2022-08-23,982488.9689231187
2022-08-24,983432.8700537949
2022-08-25,992506.2172217637
2022-08-26,960319.5661444932
2022-08-29,954305.1214499741
2022-08-30,946909.0091834336
2022-08-31,939131.9586768418
2022-09-01,945526.17354348
2022-09-02,935032.3549399644
2022-09-06,929066.6646323472
2022-09-07,943385.5572409898
2022-09-08,1000000.0
2022-09-09,1003889.8118202211
2022-09-12,1007330.1263263703
2022-09-13,966669.5990399856
2022-09-14,965106.5812492599
2022-09-15,962230.1305185623
2022-09-16,958425.5876909636
2022-09-19,965306.6517977447
2022-09-20,953300.4807575073
2022-09-21,937842.953581604
2022-09-22,931333.57069281
2022-09-23,917621.3065555419
2022-09-26,906903.6976154174
2022-09-27,901220.8841846313
2022-09-28,920284.5462787475
2022-09-29,908728.5308063354
2022-09-30,893691.0306079711
2022-10-03,916318.5926730956
2022-10-04,942018.3783099975
2022-10-05,939664.9988162841
2022-10-06,1000000.0
2022-10-07,993403.8881320955
2022-10-10,990656.5165573123
2022-10-11,992789.5311386113
2022-10-12,992702.7721943668
2022-10-13,1021729.2991604618
2022-10-14,1008440.5857090763
2022-10-17,1026162.7487873844
2022-10-18,1036881.3950848392
2022-10-19,1033134.9586720279
2022-10-20,1026298.8364147953
2022-10-21,1055525.4657978825
2022-10-24,1070525.6402935795
2022-10-25,1079232.1390347295
2022-10-26,1084547.662956696
2022-10-27,1093223.1531338505
2022-10-28,1120448.0854153447
2022-10-31,1117404.5732617192
2022-11-01,1117073.3093457036
2022-11-02,1101504.93249939
2022-11-03,1000000.0
2022-11-04,1003935.5576488494
2022-11-07,1012958.03453331
2022-11-08,1024413.6189336395
2022-11-09,1007261.8191872253
2022-11-10,1045402.0874672546
2022-11-11,1043073.5753772507
2022-11-14,1034612.6571397247
2022-11-15,1033770.7978751907
2022-11-16,1035772.1482213822
2022-11-17,1035098.812474617
2022-11-18,1041896.8470281449
2022-11-21,1039340.1001523819
2022-11-22,1051573.975152382
2022-11-23,1053930.0219053116
2022-11-25,1060062.7605146256
2022-11-28,1046482.3411992874
2022-11-29,1044874.0222181168
2022-11-30,1070304.6342939225
2022-12-01,1064595.8518995133
2022-12-02,1000000.0
2022-12-05,995469.1689243318
2022-12-06,990364.5188201907
2022-12-07,991472.9266391757
2022-12-08,998187.2786174853
2022-12-09,987748.7435920566
2022-12-12,1003493.6029819339
2022-12-13,1006254.55834388
2022-12-14,1002666.3022518085
2022-12-15,981754.8583850787
2022-12-16,972519.5998058246
2022-12-19,965704.095491402
2022-12-20,966179.3345165179
2022-12-21,982398.1696376727
2022-12-22,972393.5956287311
2022-12-23,976242.0143566058
2022-12-27,976392.0764102862
2022-12-28,966540.456239693
2022-12-29,976622.4807681964
2022-12-30,971947.7855167316
2023-01-03,1000000.0
2023-01-04,999486.2363826752
2023-01-05,991262.9055709839
2023-01-06,1010257.4769138336
2023-01-09,1006758.6744741364
2023-01-10,1012192.7501690827
2023-01-11,1022676.982768963
2023-01-12,1025759.2943086892
2023-01-13,1028614.983080494
2023-01-17,1012798.2682769052
2023-01-18,994383.892636036
2023-01-19,986250.7293364755
2023-01-20,993165.6087310067
2023-01-23,997858.2573058358
2023-01-24,999737.2742469064
2023-01-25,998589.2859732858
2023-01-26,1002294.5849311105
2023-01-27,998823.7782599679
2023-01-30,994050.349377369
2023-01-31,1009041.6241576425
2023-02-01,1000000.0
2023-02-02,998691.1320804596
2023-02-03,993461.9584228516
2023-02-06,994019.3289604683
2023-02-07,1000206.7648544807
2023-02-08,993698.3410759468
2023-02-09,986006.4937515755
2023-02-10,990423.6483078499
2023-02-13,1002618.2174416084
2023-02-14,996854.8774490852
2023-02-15,999402.5281143684
2023-02-16,987257.4929047127
2023-02-17,991396.2724304695
2023-02-21,968665.3575439949
2023-02-22,966123.1710281868
2023-02-23,969555.7048149605
2023-02-24,957695.8943100472
2023-02-27,961096.1137772102
2023-02-28,953539.6486549873
2023-03-01,954993.3428726692
2023-03-02,1000000.0
2023-03-03,1003206.8277690886
2023-03-06,1003614.0170886992
2023-03-07,984302.2074314115
2023-03-08,983215.9070913655
2023-03-09,967470.4412367208
2023-03-10,956704.7920057637
2023-03-13,955194.605032192
2023-03-14,962632.8252622945
2023-03-15,957969.2241651876
2023-03-16,969472.0268385274
2023-03-17,959003.3434049947
2023-03-20,969238.1725675924
2023-03-21,977485.2583181722
2023-03-22,962250.9918157918
2023-03-23,965044.1015302999
2023-03-24,968957.0001814229
2023-03-27,972152.0050451619
2023-03-28,970358.0122244222
2023-03-29,977963.8407156331
2023-03-30,1000000.0
2023-03-31,1004227.6780818941
2023-04-03,1012409.665193558
2023-04-04,1004231.8789501955
2023-04-05,1005163.3258833543
2023-04-06,1006322.4360708848
2023-04-10,1010844.6950544969
2023-04-11,1015075.0459799424
2023-04-12,1014580.6070875779
2023-04-13,1024395.9010023728
2023-04-14,1023117.2488264695
2023-04-17,1025709.531758751
2023-04-18,1024921.3628744737
2023-04-19,1023072.9838957444
2023-04-20,1019745.1450209275
2023-04-21,1021398.4592680589
2023-04-24,1025132.6012739793
2023-04-25,1015347.8831686631
2023-04-26,1008265.8205923692
2023-04-27,1023722.9016966478
2023-04-28,1000000.0
2023-05-01,999118.410337067
2023-05-02,991775.5289356234
2023-05-03,983802.0553005678
2023-05-04,974958.5073087999
2023-05-05,989222.8038938829
2023-05-08,986558.5507505724
2023-05-09,986208.9803236314
2023-05-10,986007.4690779039
2023-05-11,980592.1514128038
2023-05-12,981287.4769666978
2023-05-15,982812.749267418
2023-05-16,972676.6694486925
2023-05-17,985876.4028776475
2023-05-18,989116.2979353258
2023-05-19,985571.5432661363
2023-05-22,981804.1547315904
2023-05-23,975084.3724745103
2023-05-24,966151.0489729234
2023-05-25,966861.1457975694
2023-05-26,1000000.0
2023-05-30,998501.2241680144
2023-05-31,993118.8451396942
2023-06-01,999251.3380676269
2023-06-02,1021487.1599060058
2023-06-05,1016857.5626617431
2023-06-06,1014272.0073181152
2023-06-07,1017393.8263946533
2023-06-08,1021106.762109375
2023-06-09,1022078.621697998
2023-06-12,1027233.5315185547
2023-06-13,1033678.5515838623
2023-06-14,1022363.0758148193
2023-06-15,1037526.9576507568
2023-06-16,1033352.1782165527
2023-06-20,1028263.6415344238
2023-06-21,1027222.6962524414
2023-06-22,1026520.643258667
2023-06-23,1018864.5623260498
2023-06-26,1018512.2522979736
2023-06-27,1000000.0
2023-06-28,998117.0851715087
2023-06-29,1004356.3328666686
2023-06-30,1012200.0167108154
2023-07-03,1012984.7106576537
2023-07-05,1008394.2541680908
2023-07-06,997209.0204263305
2023-07-07,992964.352602539
2023-07-10,1000574.8714547729
2023-07-11,1010566.6787133788
2023-07-12,1015569.4176812744
2023-07-13,1018393.5982766723
2023-07-14,1023829.0511041259
2023-07-17,1027585.9142175292
2023-07-18,1041187.731005249
2023-07-19,1044912.5933633422
2023-07-20,1046178.0324121093
2023-07-21,1046240.219866333
2023-07-24,1052684.5655770875
2023-07-25,1053621.0402780152
2023-07-26,1000000.0
2023-07-27,996813.6203590393
2023-07-28,999478.8836605073
2023-07-31,1002870.1325019075
2023-08-01,1007325.8940498354
2023-08-02,996519.1093513491
2023-08-03,993604.9518463137
2023-08-04,990917.7575904848
2023-08-07,1004031.2124473574
2023-08-08,998833.1680175783
2023-08-09,994630.3987724306
2023-08-10,996017.7638923647
2023-08-11,999207.0846435549
2023-08-14,999608.9506484987
2023-08-15,990164.0547439577
2023-08-16,984892.3332092287
2023-08-17,975832.634604645
2023-08-18,976536.6804496767
2023-08-21,975584.0902702333
2023-08-22,971584.9644042971
2023-08-23,1000000.0
2023-08-24,995295.591744232
2023-08-25,1000544.6693572996
2023-08-28,1006776.6831922148
2023-08-29,1014771.2348731039
2023-08-30,1016158.1374190329
2023-08-31,1010692.0837233542
2023-09-01,1015149.2446387289
2023-09-05,1008370.2333624838
2023-09-06,1003540.1602194784
2023-09-07,1005995.1708205221
2023-09-08,1007716.209570217
2023-09-11,1009132.8628104208
2023-09-12,1009114.5994627951
2023-09-13,1008104.1402609823
2023-09-14,1018682.9543211935
2023-09-15,1009002.8468001364
2023-09-18,1008334.4663146017
2023-09-19,1005704.9806311605
2023-09-20,1002444.3655493734
2023-09-21,1000000.0
2023-09-22,998750.2223911284
2023-09-25,998861.2892681122
2023-09-26,987864.7220776367
2023-09-27,985673.6877278672
2023-09-28,991730.1211919175
2023-09-29,986230.2242421494
2023-10-02,983217.3111523972
2023-10-03,966768.1499051438
2023-10-04,972258.1090840683
2023-10-05,970887.9745053635
2023-10-06,980636.9398946152
2023-10-09,986168.343790947
2023-10-10,989999.5962819443
2023-10-11,993861.0033482895
2023-10-12,987944.004198967
2023-10-13,991635.8695134507
2023-10-16,1002343.3803014145
2023-10-17,1001694.3599614487
2023-10-18,991725.5084905014
2023-10-19,1000000.0
2023-10-20,996107.9838329316
2023-10-23,990460.9955257417
2023-10-24,995938.0060942079
2023-10-25,993977.5480253602
2023-10-26,982531.9199736024
2023-10-27,970663.4659941102
2023-10-30,987433.2085783387
2023-10-31,987886.5134031678
2023-11-01,995161.1983091737
2023-11-02,1013851.9323332215
2023-11-03,1020314.409368744
2023-11-06,1021343.4910185243
2023-11-07,1022993.7750608827
2023-11-08,1022032.8071195985
2023-11-09,1012835.7972319032
2023-11-10,1025504.6797544862
2023-11-13,1025518.7687284852
2023-11-14,1041867.0336515809
2023-11-15,1045675.4854948426
2023-11-16,1000000.0
2023-11-17,998995.6839962007
2023-11-20,1000643.7829200746
2023-11-21,998281.0025860597
2023-11-22,1004869.5956799318
2023-11-24,1008276.9041821291
2023-11-27,1006810.9742352297
2023-11-28,1008813.8863598634
2023-11-29,1007251.5911175539
2023-11-30,1018194.1453320314
2023-12-01,1024809.0945507814
2023-12-04,1024950.5486818239
2023-12-05,1022424.8898887751
2023-12-06,1021302.0363953592
2023-12-07,1022951.865329075
2023-12-08,1024626.5220139505
2023-12-11,1029686.3264077188
2023-12-12,1035299.7902749063
2023-12-13,1051421.1652634623
2023-12-14,1051873.8535858272
